1 0
2 1
3 6
4 2
5 5
6 2
7 4
8 2
9 7
10 7
11 4
12 7
13 4
14 7
15 6
16 3
17 4
18 3
19 9
20 3
21 9
22 3
23 9
24 3
25 11
26 6
27 6
28 6
29 9
30 6
31 6
32 6
33 8
34 6
35 8
36 3
37 17
38 3
39 14
40 3
41 5
42 3
43 6
44 3
45 6
46 3
47 6
48 3
49 11
50 5
51 11
52 5
53 11
54 5
55 11
56 5
57 5
58 5
59 11
60 5
61 11
62 5
63 5
64 3
65 5
66 3
67 11
68 3
69 14
70 3
71 5
72 3
73 8
74 3
75 8
76 3
77 19
78 3
79 8
80 3
81 10
82 8
83 8
84 8
85 11
86 8
87 10
88 8
89 11
90 8
91 11
92 8
93 11
94 8
95 8
96 8
97 11
98 8
99 11
100 8
101 8
102 8
103 16
104 8
105 16
106 8
107 10
108 8
109 16
110 8
111 16
112 8
113 16
114 8
115 19
116 8
117 11
118 8
119 5
120 8
121 11
122 5
123 5
124 5
125 10
126 5
127 10
128 5
129 16
130 5
131 10
132 5
133 10
134 5
135 16
136 5
137 10
138 5
139 5
140 5
141 5
142 5
143 7
144 8
145 7
146 8
147 5
148 8
149 5
150 8
151 7
152 8
153 8
154 8
155 8
156 8
157 10
158 8
159 5
160 8
161 8
162 8
163 43
164 8
165 27
166 8
167 5
168 8
169 8
170 5
171 8
172 5
173 32
174 5
175 24
176 5
177 5
178 5
179 5
180 5
181 7
182 5
183 13
184 5
185 7
186 5
187 13
188 5
189 7
190 5
191 13
192 5
193 73
194 5
195 13
196 8
197 13
198 8
199 13
200 8
201 15
202 8
203 13
204 8
205 18
206 8
207 7
208 8
209 13
210 8
211 13
212 8
213 13
214 8
215 7
216 8
217 7
218 8
219 7
220 8
221 13
222 8
223 7
224 8
225 16
226 7
227 7
228 7
229 32
230 7
231 13
232 7
233 13
234 7
235 7
236 7
237 7
238 7
239 7
240 7
241 40
242 7
243 13
244 7
245 13
246 7
247 13
248 7
249 7
250 7
251 7
252 7
253 7
254 7
255 7
256 4
257 5
258 4
259 5
260 4
261 5
262 4
263 21
264 4
265 34
266 4
267 5
268 4
269 16
270 4
271 13
272 4
273 13
274 4
275 13
276 4
277 13
278 4
279 5
280 4
281 5
282 4
283 5
284 4
285 15
286 4
287 16
288 4
289 15
290 5
291 5
292 5
293 53
294 5
295 7
296 5
297 7
298 5
299 7
300 5
301 5
302 5
303 5
304 5
305 5
306 5
307 15
308 5
309 24
310 5
311 5
312 5
313 15
314 5
315 5
316 5
317 10
318 5
319 15
320 5
321 29
322 5
323 10
324 4
325 15
326 4
327 15
328 4
329 29
330 4
331 21
332 4
333 21
334 4
335 29
336 4
337 5
338 4
339 10
340 4
341 10
342 4
343 10
344 4
345 5
346 4
347 10
348 4
349 13
350 4
351 10
352 4
353 12
354 4
355 12
356 4
357 32
358 4
359 10
360 4
361 12
362 10
363 10
364 10
365 21
366 10
367 10
368 10
369 10
370 10
371 21
372 10
373 10
374 10
375 10
376 10
377 13
378 10
379 13
380 10
381 10
382 10
383 12
384 10
385 10
386 10
387 24
388 10
389 12
390 10
391 10
392 10
393 10
394 10
395 10
396 10
397 10
398 10
399 13
400 4
401 13
402 4
403 13
404 4
405 10
406 4
407 10
408 4
409 10
410 4
411 13
412 4
413 13
414 4
415 13
416 4
417 13
418 4
419 10
420 4
421 10
422 4
423 10
424 4
425 67
426 4
427 32
428 4
429 23
430 4
431 10
432 4
433 10
434 4
435 10
436 4
437 18
438 4
439 10
440 4
441 13
442 10
443 10
444 10
445 13
446 10
447 13
448 10
449 13
450 10
451 29
452 10
453 10
454 10
455 29
456 10
457 10
458 10
459 10
460 10
461 13
462 10
463 13
464 10
465 10
466 10
467 23
468 10
469 10
470 10
471 10
472 10
473 18
474 10
475 10
476 10
477 31
478 10
479 10
480 10
481 10
482 10
483 18
484 4
485 12
486 4
487 12
488 4
489 10
490 4
491 29
492 4
493 10
494 4
495 18
496 4
497 21
498 4
499 18
500 4
501 29
502 4
503 12
504 4
505 10
506 4
507 12
508 4
509 18
510 4
511 12
512 4
513 21
514 4
515 12
516 4
517 12
518 4
519 21
520 4
521 18
522 4
523 18
524 4
525 12
526 4
527 18
528 4
529 10
530 10
531 10
532 10
533 32
534 10
535 18
536 10
537 18
538 10
539 26
540 10
541 13
542 10
543 13
544 10
545 18
546 10
547 10
548 10
549 13
550 10
551 10
552 10
553 10
554 10
555 10
556 10
557 31
558 10
559 10
560 10
561 13
562 10
563 21
564 10
565 40
566 10
567 12
568 10
569 10
570 10
571 10
572 10
573 13
574 10
575 13
576 4
577 13
578 4
579 10
580 4
581 10
582 4
583 10
584 4
585 18
586 4
587 7
588 4
589 7
590 4
591 40
592 4
593 10
594 4
595 21
596 4
597 10
598 4
599 13
600 4
601 18
602 4
603 18
604 4
605 12
606 4
607 7
608 4
609 7
610 4
611 7
612 4
613 13
614 4
615 21
616 4
617 12
618 4
619 7
620 4
621 18
622 4
623 7
624 4
625 45
626 12
627 12
628 12
629 18
630 12
631 12
632 12
633 12
634 12
635 18
636 12
637 18
638 12
639 12
640 12
641 12
642 12
643 12
644 12
645 12
646 12
647 18
648 12
649 7
650 12
651 7
652 12
653 18
654 12
655 12
656 12
657 18
658 12
659 39
660 12
661 7
662 12
663 26
664 12
665 7
666 12
667 12
668 12
669 45
670 12
671 28
672 12
673 26
674 12
675 18
676 7
677 37
678 7
679 18
680 7
681 20
682 7
683 12
684 7
685 12
686 7
687 7
688 7
689 12
690 7
691 7
692 7
693 29
694 7
695 18
696 7
697 12
698 7
699 18
700 7
701 18
702 7
703 12
704 7
705 7
706 7
707 12
708 7
709 12
710 7
711 12
712 7
713 12
714 7
715 7
716 7
717 9
718 7
719 7
720 7
721 10
722 7
723 7
724 7
725 10
726 7
727 7
728 7
729 9
730 7
731 7
732 7
733 7
734 7
735 7
736 7
737 9
738 7
739 18
740 7
741 7
742 7
743 7
744 7
745 7
746 7
747 7
748 7
749 9
750 7
751 9
752 7
753 9
754 7
755 9
756 7
757 9
758 7
759 10
760 7
761 66
762 7
763 18
764 7
765 9
766 7
767 18
768 7
769 21
770 7
771 10
772 7
773 20
774 7
775 7
776 7
777 7
778 7
779 7
780 7
781 7
782 7
783 10
784 7
785 10
786 7
787 10
788 7
789 10
790 7
791 7
792 7
793 7
794 7
795 18
796 7
797 10
798 7
799 31
800 7
801 10
802 7
803 10
804 7
805 45
806 7
807 72
808 7
809 9
810 7
811 9
812 7
813 10
814 7
815 10
816 7
817 10
818 7
819 10
820 7
821 10
822 7
823 10
824 7
825 10
826 7
827 10
828 7
829 10
830 7
831 10
832 7
833 10
834 7
835 10
836 7
837 29
838 7
839 10
840 7
841 18
842 10
843 10
844 10
845 26
846 10
847 12
848 10
849 26
850 10
851 10
852 10
853 12
854 10
855 10
856 10
857 10
858 10
859 10
860 10
861 10
862 10
863 7
864 10
865 7
866 10
867 7
868 10
869 7
870 10
871 10
872 10
873 10
874 10
875 10
876 10
877 28
878 10
879 10
880 10
881 29
882 10
883 10
884 10
885 10
886 10
887 10
888 10
889 10
890 10
891 45
892 10
893 20
894 10
895 29
896 10
897 10
898 10
899 39
900 7
901 10
902 7
903 10
904 7
905 26
906 7
907 7
908 7
909 29
910 7
911 29
912 7
913 15
914 7
915 20
916 7
917 10
918 7
919 7
920 7
921 7
922 7
923 7
924 7
925 7
926 7
927 10
928 7
929 7
930 7
931 10
932 7
933 10
934 7
935 10
936 7
937 34
938 7
939 26
940 7
941 10
942 7
943 15
944 7
945 7
946 7
947 7
948 7
949 7
950 7
951 10
952 7
953 9
954 7
955 10
956 7
957 10
958 7
959 7
960 7
961 9
962 7
963 7
964 7
965 26
966 7
967 34
968 7
969 10
970 7
971 15
972 7
973 7
974 7
975 7
976 7
977 7
978 7
979 26
980 7
981 7
982 7
983 7
984 7
985 10
986 7
987 7
988 7
989 7
990 7
991 7
992 7
993 10
994 7
995 10
996 7
997 7
998 7
999 7
1000 7
1001 7
1002 7
1003 15
1004 7
1005 7
1006 7
1007 15
1008 7
1009 7
1010 7
1011 36
1012 7
1013 15
1014 7
1015 7
1016 7
1017 7
1018 7
1019 7
1020 7
1021 7
1022 7
1023 7
1024 7
1025 9
1026 7
1027 9
1028 7
1029 9
1030 7
1031 9
1032 7
1033 7
1034 7
1035 15
1036 7
1037 15
1038 7
1039 15
1040 7
1041 15
1042 7
1043 15
1044 7
1045 15
1046 7
1047 7
1048 7
1049 9
1050 7
1051 7
1052 7
1053 9
1054 7
1055 17
1056 7
1057 9
1058 7
1059 9
1060 7
1061 37
1062 7
1063 9
1064 7
1065 26
1066 7
1067 15
1068 7
1069 9
1070 7
1071 9
1072 7
1073 9
1074 7
1075 15
1076 7
1077 7
1078 7
1079 18
1080 7
1081 15
1082 7
1083 7
1084 7
1085 15
1086 7
1087 9
1088 7
1089 26
1090 9
1091 9
1092 9
1093 15
1094 9
1095 7
1096 9
1097 15
1098 9
1099 15
1100 9
1101 15
1102 9
1103 15
1104 9
1105 15
1106 9
1107 15
1108 9
1109 15
1110 9
1111 26
1112 9
1113 26
1114 9
1115 15
1116 9
1117 15
1118 9
1119 75
1120 9
1121 75
1122 9
1123 42
1124 9
1125 15
1126 9
1127 7
1128 9
1129 15
1130 9
1131 15
1132 9
1133 15
1134 9
1135 18
1136 9
1137 15
1138 9
1139 10
1140 9
1141 18
1142 9
1143 10
1144 9
1145 10
1146 9
1147 18
1148 9
1149 9
1150 9
1151 15
1152 9
1153 17
1154 9
1155 80
1156 7
1157 9
1158 7
1159 15
1160 7
1161 18
1162 7
1163 20
1164 7
1165 18
1166 7
1167 15
1168 7
1169 15
1170 7
1171 26
1172 7
1173 10
1174 7
1175 10
1176 7
1177 15
1178 7
1179 17
1180 7
1181 53
1182 7
1183 18
1184 7
1185 17
1186 7
1187 15
1188 7
1189 10
1190 7
1191 10
1192 7
1193 10
1194 7
1195 15
1196 7
1197 18
1198 7
1199 15
1200 7
1201 15
1202 7
1203 15
1204 7
1205 15
1206 7
1207 9
1208 7
1209 20
1210 7
1211 20
1212 7
1213 20
1214 7
1215 9
1216 7
1217 18
1218 7
1219 10
1220 7
1221 9
1222 7
1223 10
1224 7
1225 28
1226 9
1227 9
1228 9
1229 18
1230 9
1231 9
1232 9
1233 18
1234 9
1235 23
1236 9
1237 10
1238 9
1239 10
1240 9
1241 15
1242 9
1243 15
1244 9
1245 15
1246 9
1247 37
1248 9
1249 18
1250 9
1251 18
1252 9
1253 18
1254 9
1255 18
1256 9
1257 18
1258 9
1259 15
1260 9
1261 15
1262 9
1263 18
1264 9
1265 10
1266 9
1267 10
1268 9
1269 15
1270 9
1271 10
1272 9
1273 9
1274 9
1275 15
1276 9
1277 28
1278 9
1279 9
1280 9
1281 10
1282 9
1283 15
1284 9
1285 18
1286 9
1287 10
1288 9
1289 9
1290 9
1291 9
1292 9
1293 9
1294 9
1295 9
1296 4
1297 10
1298 4
1299 10
1300 4
1301 10
1302 4
1303 10
1304 4
1305 9
1306 4
1307 28
1308 4
1309 37
1310 4
1311 9
1312 4
1313 15
1314 4
1315 18
1316 4
1317 10
1318 4
1319 18
1320 4
1321 9
1322 4
1323 23
1324 4
1325 9
1326 4
1327 9
1328 4
1329 15
1330 4
1331 10
1332 4
1333 10
1334 4
1335 15
1336 4
1337 28
1338 4
1339 23
1340 4
1341 15
1342 4
1343 15
1344 4
1345 10
1346 4
1347 10
1348 4
1349 42
1350 4
1351 34
1352 4
1353 9
1354 4
1355 42
1356 4
1357 9
1358 4
1359 23
1360 4
1361 18
1362 4
1363 10
1364 4
1365 15
1366 4
1367 10
1368 4
1369 9
1370 18
1371 18
1372 18
1373 15
1374 18
1375 18
1376 18
1377 18
1378 18
1379 9
1380 18
1381 9
1382 18
1383 28
1384 18
1385 9
1386 18
1387 9
1388 18
1389 15
1390 18
1391 9
1392 18
1393 9
1394 18
1395 9
1396 18
1397 9
1398 18
1399 17
1400 18
1401 34
1402 18
1403 23
1404 18
1405 34
1406 18
1407 34
1408 18
1409 15
1410 18
1411 15
1412 18
1413 9
1414 18
1415 34
1416 18
1417 9
1418 18
1419 15
1420 18
1421 15
1422 18
1423 34
1424 18
1425 15
1426 18
1427 15
1428 18
1429 15
1430 18
1431 9
1432 18
1433 9
1434 18
1435 15
1436 18
1437 34
1438 18
1439 18
1440 18
1441 15
1442 18
1443 15
1444 4
1445 18
1446 4
1447 15
1448 4
1449 15
1450 4
1451 17
1452 4
1453 15
1454 4
1455 9
1456 4
1457 9
1458 4
1459 28
1460 4
1461 9
1462 4
1463 9
1464 4
1465 15
1466 4
1467 9
1468 4
1469 15
1470 4
1471 9
1472 4
1473 9
1474 4
1475 9
1476 4
1477 15
1478 4
1479 15
1480 4
1481 9
1482 4
1483 42
1484 4
1485 17
1486 4
1487 15
1488 4
1489 9
1490 4
1491 9
1492 4
1493 9
1494 4
1495 9
1496 4
1497 9
1498 4
1499 9
1500 4
1501 42
1502 4
1503 15
1504 4
1505 15
1506 4
1507 23
1508 4
1509 9
1510 4
1511 9
1512 4
1513 15
1514 4
1515 9
1516 4
1517 23
1518 4
1519 15
1520 4
1521 15
1522 15
1523 15
1524 15
1525 15
1526 15
1527 9
1528 15
1529 23
1530 15
1531 9
1532 15
1533 9
1534 15
1535 23
1536 15
1537 23
1538 15
1539 17
1540 15
1541 15
1542 15
1543 9
1544 15
1545 9
1546 15
1547 9
1548 15
1549 9
1550 15
1551 15
1552 15
1553 15
1554 15
1555 23
1556 15
1557 9
1558 15
1559 23
1560 15
1561 9
1562 15
1563 9
1564 15
1565 9
1566 15
1567 9
1568 15
1569 26
1570 15
1571 17
1572 15
1573 9
1574 15
1575 9
1576 15
1577 9
1578 15
1579 9
1580 15
1581 9
1582 15
1583 9
1584 15
1585 9
1586 15
1587 15
1588 15
1589 15
1590 15
1591 9
1592 15
1593 9
1594 15
1595 9
1596 15
1597 9
1598 15
1599 9
1600 4
1601 9
1602 4
1603 9
1604 4
1605 9
1606 4
1607 9
1608 4
1609 9
1610 4
1611 9
1612 4
1613 9
1614 4
1615 9
1616 4
1617 9
1618 4
1619 9
1620 4
1621 9
1622 4
1623 9
1624 4
1625 17
1626 4
1627 6
1628 4
1629 34
1630 4
1631 6
1632 4
1633 6
1634 4
1635 9
1636 4
1637 7
1638 4
1639 7
1640 4
1641 9
1642 4
1643 9
1644 4
1645 6
1646 4
1647 6
1648 4
1649 6
1650 4
1651 7
1652 4
1653 7
1654 4
1655 7
1656 4
1657 7
1658 4
1659 7
1660 4
1661 6
1662 4
1663 6
1664 4
1665 23
1666 4
1667 23
1668 4
1669 7
1670 4
1671 7
1672 4
1673 25
1674 4
1675 7
1676 4
1677 9
1678 4
1679 6
1680 4
1681 17
1682 6
1683 6
1684 6
1685 23
1686 6
1687 23
1688 6
1689 15
1690 6
1691 23
1692 6
1693 23
1694 6
1695 26
1696 6
1697 23
1698 6
1699 6
1700 6
1701 6
1702 6
1703 36
1704 6
1705 36
1706 6
1707 36
1708 6
1709 36
1710 6
1711 6
1712 6
1713 6
1714 6
1715 6
1716 6
1717 6
1718 6
1719 25
1720 6
1721 61
1722 6
1723 7
1724 6
1725 7
1726 6
1727 7
1728 6
1729 7
1730 6
1731 6
1732 6
1733 15
1734 6
1735 6
1736 6
1737 15
1738 6
1739 18
1740 6
1741 7
1742 6
1743 18
1744 6
1745 18
1746 6
1747 15
1748 6
1749 15
1750 6
1751 6
1752 6
1753 6
1754 6
1755 15
1756 6
1757 7
1758 6
1759 23
1760 6
1761 23
1762 6
1763 15
1764 4
1765 17
1766 4
1767 18
1768 4
1769 36
1770 4
1771 15
1772 4
1773 61
1774 4
1775 15
1776 4
1777 15
1778 4
1779 17
1780 4
1781 28
1782 4
1783 6
1784 4
1785 6
1786 4
1787 15
1788 4
1789 15
1790 4
1791 15
1792 4
1793 15
1794 4
1795 17
1796 4
1797 6
1798 4
1799 36
1800 4
1801 15
1802 4
1803 6
1804 4
1805 26
1806 4
1807 15
1808 4
1809 18
1810 4
1811 15
1812 4
1813 15
1814 4
1815 6
1816 4
1817 7
1818 4
1819 7
1820 4
1821 7
1822 4
1823 26
1824 4
1825 7
1826 4
1827 7
1828 4
1829 7
1830 4
1831 7
1832 4
1833 23
1834 4
1835 7
1836 4
1837 6
1838 4
1839 6
1840 4
1841 17
1842 4
1843 7
1844 4
1845 15
1846 4
1847 7
1848 4
1849 23
1850 7
1851 6
1852 7
1853 7
1854 7
1855 6
1856 7
1857 36
1858 7
1859 7
1860 7
1861 7
1862 7
1863 15
1864 7
1865 45
1866 7
1867 6
1868 7
1869 6
1870 7
1871 6
1872 7
1873 6
1874 7
1875 17
1876 7
1877 31
1878 7
1879 9
1880 7
1881 17
1882 7
1883 17
1884 7
1885 6
1886 7
1887 6
1888 7
1889 6
1890 7
1891 45
1892 7
1893 15
1894 7
1895 18
1896 7
1897 15
1898 7
1899 17
1900 7
1901 18
1902 7
1903 18
1904 7
1905 6
1906 7
1907 7
1908 7
1909 6
1910 7
1911 17
1912 7
1913 17
1914 7
1915 12
1916 7
1917 23
1918 7
1919 17
1920 7
1921 7
1922 7
1923 9
1924 7
1925 17
1926 7
1927 7
1928 7
1929 7
1930 7
1931 7
1932 7
1933 7
1934 7
1935 7
1936 4
1937 7
1938 4
1939 7
1940 4
1941 7
1942 4
1943 7
1944 4
1945 7
1946 4
1947 7
1948 4
1949 31
1950 4
1951 15
1952 4
1953 55
1954 4
1955 23
1956 4
1957 9
1958 4
1959 7
1960 4
1961 18
1962 4
1963 7
1964 4
1965 26
1966 4
1967 9
1968 4
1969 31
1970 4
1971 9
1972 4
1973 12
1974 4
1975 7
1976 4
1977 7
1978 4
1979 9
1980 4
1981 31
1982 4
1983 9
1984 4
1985 9
1986 4
1987 9
1988 4
1989 23
1990 4
1991 50
1992 4
1993 12
1994 4
1995 12
1996 4
1997 12
1998 4
1999 31
2000 4
2001 17
2002 4
2003 9
2004 4
2005 9
2006 4
2007 9
2008 4
2009 7
2010 4
2011 18
2012 4
2013 7
2014 4
2015 7
2016 4
2017 36
2018 4
2019 7
2020 4
2021 26
2022 4
2023 7
2024 4
2025 7
2026 7
2027 7
2028 7
2029 7
2030 7
2031 7
2032 7
2033 7
2034 7
2035 7
2036 7
2037 7
2038 7
2039 12
2040 7
2041 9
2042 7
2043 7
2044 7
2045 7
2046 7
2047 7
2048 7
2049 7
2050 7
2051 26
2052 7
2053 12
2054 7
2055 12
2056 7
2057 44
2058 7
2059 23
2060 7
2061 25
2062 7
2063 17
2064 7
2065 7
2066 7
2067 7
2068 7
2069 17
2070 7
2071 12
2072 7
2073 17
2074 7
2075 17
2076 7
2077 12
2078 7
2079 17
2080 7
2081 42
2082 7
2083 12
2084 7
2085 7
2086 7
2087 17
2088 7
2089 7
2090 7
2091 26
2092 7
2093 17
2094 7
2095 26
2096 7
2097 23
2098 7
2099 12
2100 7
2101 7
2102 7
2103 7
2104 7
2105 7
2106 7
2107 7
2108 7
2109 7
2110 7
2111 17
2112 7
2113 23
2114 7
2115 17
2116 4
2117 26
2118 4
2119 26
2120 4
2121 17
2122 4
2123 17
2124 4
2125 26
2126 4
2127 26
2128 4
2129 17
2130 4
2131 17
2132 4
2133 31
2134 4
2135 7
2136 4
2137 7
2138 4
2139 23
2140 4
2141 7
2142 4
2143 7
2144 4
2145 17
2146 4
2147 7
2148 4
2149 17
2150 4
2151 7
2152 4
2153 7
2154 4
2155 23
2156 4
2157 7
2158 4
2159 7
2160 4
2161 12
2162 4
2163 12
2164 4
2165 12
2166 4
2167 12
2168 4
2169 12
2170 4
2171 12
2172 4
2173 23
2174 4
2175 17
2176 4
2177 23
2178 4
2179 17
2180 4
2181 23
2182 4
2183 72
2184 4
2185 17
2186 4
2187 23
2188 4
2189 7
2190 4
2191 7
2192 4
2193 44
2194 4
2195 34
2196 4
2197 7
2198 4
2199 31
2200 4
2201 23
2202 4
2203 31
2204 4
2205 12
2206 4
2207 31
2208 4
2209 23
2210 7
2211 7
2212 7
2213 31
2214 7
2215 7
2216 7
2217 12
2218 7
2219 12
2220 7
2221 12
2222 7
2223 23
2224 7
2225 17
2226 7
2227 6
2228 7
2229 6
2230 7
2231 34
2232 7
2233 7
2234 7
2235 7
2236 7
2237 7
2238 7
2239 17
2240 7
2241 7
2242 7
2243 33
2244 7
2245 23
2246 7
2247 64
2248 7
2249 31
2250 7
2251 6
2252 7
2253 17
2254 7
2255 17
2256 7
2257 52
2258 7
2259 17
2260 7
2261 17
2262 7
2263 12
2264 7
2265 42
2266 7
2267 6
2268 7
2269 23
2270 7
2271 6
2272 7
2273 23
2274 7
2275 31
2276 7
2277 23
2278 7
2279 31
2280 7
2281 6
2282 7
2283 53
2284 7
2285 6
2286 7
2287 6
2288 7
2289 63
2290 7
2291 17
2292 7
2293 23
2294 7
2295 23
2296 7
2297 23
2298 7
2299 6
2300 7
2301 6
2302 7
2303 6
2304 4
2305 6
2306 4
2307 6
2308 4
2309 23
2310 4
2311 23
2312 4
2313 23
2314 4
2315 23
2316 4
2317 12
2318 4
2319 7
2320 4
2321 6
2322 4
2323 6
2324 4
2325 23
2326 4
2327 31
2328 4
2329 31
2330 4
2331 7
2332 4
2333 31
2334 4
2335 7
2336 4
2337 6
2338 4
2339 7
2340 4
2341 6
2342 4
2343 17
2344 4
2345 17
2346 4
2347 7
2348 4
2349 17
2350 4
2351 12
2352 4
2353 7
2354 4
2355 6
2356 4
2357 12
2358 4
2359 12
2360 4
2361 23
2362 4
2363 25
2364 4
2365 12
2366 4
2367 12
2368 4
2369 12
2370 4
2371 12
2372 4
2373 12
2374 4
2375 12
2376 4
2377 12
2378 4
2379 12
2380 4
2381 6
2382 4
2383 12
2384 4
2385 12
2386 4
2387 12
2388 4
2389 12
2390 4
2391 12
2392 4
2393 17
2394 4
2395 6
2396 4
2397 12
2398 4
2399 6
2400 4
2401 17
2402 12
2403 12
2404 12
2405 12
2406 12
2407 12
2408 12
2409 12
2410 12
2411 6
2412 12
2413 6
2414 12
2415 12
2416 12
2417 6
2418 12
2419 6
2420 12
2421 7
2422 12
2423 25
2424 12
2425 12
2426 12
2427 31
2428 12
2429 7
2430 12
2431 6
2432 12
2433 6
2434 12
2435 6
2436 12
2437 6
2438 12
2439 50
2440 12
2441 23
2442 12
2443 15
2444 12
2445 12
2446 12
2447 12
2448 12
2449 6
2450 12
2451 14
2452 12
2453 12
2454 12
2455 6
2456 12
2457 6
2458 12
2459 34
2460 12
2461 15
2462 12
2463 12
2464 12
2465 15
2466 12
2467 12
2468 12
2469 6
2470 12
2471 15
2472 12
2473 6
2474 12
2475 12
2476 12
2477 12
2478 12
2479 12
2480 12
2481 31
2482 12
2483 15
2484 12
2485 12
2486 12
2487 6
2488 12
2489 14
2490 12
2491 14
2492 12
2493 12
2494 12
2495 14
2496 12
2497 17
2498 12
2499 12
2500 6
2501 14
2502 6
2503 31
2504 6
2505 14
2506 6
2507 14
2508 6
2509 31
2510 6
2511 12
2512 6
2513 6
2514 6
2515 14
2516 6
2517 14
2518 6
2519 14
2520 6
2521 14
2522 6
2523 14
2524 6
2525 45
2526 6
2527 6
2528 6
2529 12
2530 6
2531 6
2532 6
2533 12
2534 6
2535 34
2536 6
2537 23
2538 6
2539 34
2540 6
2541 14
2542 6
2543 6
2544 6
2545 6
2546 6
2547 31
2548 6
2549 6
2550 6
2551 6
2552 6
2553 14
2554 6
2555 45
2556 6
2557 12
2558 6
2559 14
2560 6
2561 6
2562 6
2563 6
2564 6
2565 6
2566 6
2567 6
2568 6
2569 6
2570 6
2571 14
2572 6
2573 14
2574 6
2575 14
2576 6
2577 34
2578 6
2579 12
2580 6
2581 15
2582 6
2583 12
2584 6
2585 12
2586 6
2587 14
2588 6
2589 12
2590 6
2591 12
2592 6
2593 26
2594 6
2595 12
2596 6
2597 14
2598 6
2599 12
2600 6
2601 12
2602 12
2603 12
2604 12
2605 12
2606 12
2607 12
2608 12
2609 23
2610 12
2611 23
2612 12
2613 23
2614 12
2615 12
2616 12
2617 23
2618 12
2619 12
2620 12
2621 15
2622 12
2623 23
2624 12
2625 12
2626 12
2627 12
2628 12
2629 12
2630 12
2631 12
2632 12
2633 12
2634 12
2635 12
2636 12
2637 12
2638 12
2639 12
2640 12
2641 12
2642 12
2643 12
2644 12
2645 12
2646 12
2647 15
2648 12
2649 25
2650 12
2651 12
2652 12
2653 12
2654 12
2655 12
2656 12
2657 15
2658 12
2659 12
2660 12
2661 23
2662 12
2663 12
2664 12
2665 12
2666 12
2667 12
2668 12
2669 23
2670 12
2671 23
2672 12
2673 23
2674 12
2675 23
2676 12
2677 12
2678 12
2679 12
2680 12
2681 72
2682 12
2683 25
2684 12
2685 12
2686 12
2687 12
2688 12
2689 12
2690 12
2691 15
2692 12
2693 12
2694 12
2695 12
2696 12
2697 12
2698 12
2699 12
2700 12
2701 12
2702 12
2703 12
2704 6
2705 12
2706 6
2707 12
2708 6
2709 12
2710 6
2711 12
2712 6
2713 12
2714 6
2715 12
2716 6
2717 15
2718 6
2719 12
2720 6
2721 12
2722 6
2723 12
2724 6
2725 53
2726 6
2727 15
2728 6
2729 15
2730 6
2731 15
2732 6
2733 15
2734 6
2735 12
2736 6
2737 12
2738 6
2739 12
2740 6
2741 31
2742 6
2743 15
2744 6
2745 15
2746 6
2747 25
2748 6
2749 15
2750 6
2751 15
2752 6
2753 25
2754 6
2755 12
2756 6
2757 12
2758 6
2759 31
2760 6
2761 15
2762 6
2763 52
2764 6
2765 12
2766 6
2767 12
2768 6
2769 12
2770 6
2771 12
2772 6
2773 12
2774 6
2775 12
2776 6
2777 12
2778 6
2779 12
2780 6
2781 12
2782 6
2783 14
2784 6
2785 15
2786 6
2787 15
2788 6
2789 39
2790 6
2791 14
2792 6
2793 12
2794 6
2795 12
2796 6
2797 12
2798 6
2799 12
2800 6
2801 12
2802 6
2803 12
2804 6
2805 14
2806 6
2807 12
2808 6
2809 12
2810 12
2811 12
2812 12
2813 26
2814 12
2815 12
2816 12
2817 12
2818 12
2819 12
2820 12
2821 26
2822 12
2823 14
2824 12
2825 26
2826 12
2827 26
2828 12
2829 26
2830 12
2831 25
2832 12
2833 31
2834 12
2835 12
2836 12
2837 12
2838 12
2839 12
2840 12
2841 14
2842 12
2843 14
2844 12
2845 14
2846 12
2847 14
2848 12
2849 14
2850 12
2851 12
2852 12
2853 12
2854 12
2855 12
2856 12
2857 15
2858 12
2859 50
2860 12
2861 12
2862 12
2863 12
2864 12
2865 20
2866 12
2867 12
2868 12
2869 12
2870 12
2871 15
2872 12
2873 15
2874 12
2875 12
2876 12
2877 20
2878 12
2879 12
2880 12
2881 12
2882 12
2883 12
2884 12
2885 12
2886 12
2887 12
2888 12
2889 12
2890 12
2891 20
2892 12
2893 12
2894 12
2895 12
2896 12
2897 15
2898 12
2899 12
2900 12
2901 12
2902 12
2903 12
2904 12
2905 26
2906 12
2907 44
2908 12
2909 12
2910 12
2911 44
2912 12
2913 12
2914 12
2915 12
2916 6
2917 12
2918 6
2919 31
2920 6
2921 15
2922 6
2923 15
2924 6
2925 15
2926 6
2927 12
2928 6
2929 12
2930 6
2931 12
2932 6
2933 15
2934 6
2935 17
2936 6
2937 12
2938 6
2939 15
2940 6
2941 15
2942 6
2943 15
2944 6
2945 15
2946 6
2947 17
2948 6
2949 6
2950 6
2951 15
2952 6
2953 6
2954 6
2955 17
2956 6
2957 6
2958 6
2959 17
2960 6
2961 15
2962 6
2963 15
2964 6
2965 15
2966 6
2967 15
2968 6
2969 6
2970 6
2971 15
2972 6
2973 15
2974 6
2975 15
2976 6
2977 15
2978 6
2979 15
2980 6
2981 15
2982 6
2983 15
2984 6
2985 39
2986 6
2987 15
2988 6
2989 15
2990 6
2991 15
2992 6
2993 17
2994 6
2995 6
2996 6
2997 12
2998 6
2999 12
3000 6
3001 12
3002 6
3003 39
3004 6
3005 15
3006 6
3007 6
3008 6
3009 6
3010 6
3011 20
3012 6
3013 15
3014 6
3015 6
3016 6
3017 15
3018 6
3019 12
3020 6
3021 12
3022 6
3023 12
3024 6
3025 12
3026 12
3027 6
3028 12
3029 50
3030 12
3031 6
3032 12
3033 12
3034 12
3035 6
3036 12
3037 34
3038 12
3039 34
3040 12
3041 12
3042 12
3043 12
3044 12
3045 15
3046 12
3047 15
3048 12
3049 6
3050 12
3051 6
3052 12
3053 6
3054 12
3055 6
3056 12
3057 15
3058 12
3059 15
3060 12
3061 15
3062 12
3063 15
3064 12
3065 20
3066 12
3067 15
3068 12
3069 6
3070 12
3071 6
3072 12
3073 6
3074 12
3075 6
3076 12
3077 31
3078 12
3079 15
3080 12
3081 15
3082 12
3083 15
3084 12
3085 69
3086 12
3087 6
3088 12
3089 6
3090 12
3091 15
3092 12
3093 6
3094 12
3095 52
3096 12
3097 15
3098 12
3099 12
3100 12
3101 15
3102 12
3103 15
3104 12
3105 15
3106 12
3107 15
3108 12
3109 6
3110 12
3111 6
3112 12
3113 50
3114 12
3115 6
3116 12
3117 15
3118 12
3119 15
3120 12
3121 15
3122 12
3123 12
3124 12
3125 15
3126 12
3127 6
3128 12
3129 6
3130 12
3131 6
3132 12
3133 6
3134 12
3135 6
3136 6
3137 12
3138 6
3139 12
3140 6
3141 12
3142 6
3143 12
3144 6
3145 12
3146 6
3147 6
3148 6
3149 15
3150 6
3151 58
3152 6
3153 34
3154 6
3155 6
3156 6
3157 12
3158 6
3159 15
3160 6
3161 12
3162 6
3163 12
3164 6
3165 15
3166 6
3167 6
3168 6
3169 15
3170 6
3171 6
3172 6
3173 15
3174 6
3175 6
3176 6
3177 15
3178 6
3179 12
3180 6
3181 15
3182 6
3183 12
3184 6
3185 12
3186 6
3187 15
3188 6
3189 6
3190 6
3191 6
3192 6
3193 15
3194 6
3195 15
3196 6
3197 69
3198 6
3199 69
3200 6
3201 69
3202 6
3203 50
3204 6
3205 34
3206 6
3207 12
3208 6
3209 25
3210 6
3211 34
3212 6
3213 12
3214 6
3215 15
3216 6
3217 12
3218 6
3219 15
3220 6
3221 34
3222 6
3223 34
3224 6
3225 34
3226 6
3227 20
3228 6
3229 20
3230 6
3231 6
3232 6
3233 6
3234 6
3235 25
3236 6
3237 25
3238 6
3239 25
3240 6
3241 12
3242 6
3243 25
3244 6
3245 15
3246 6
3247 6
3248 6
3249 20
3250 6
3251 6
3252 6
3253 15
3254 6
3255 6
3256 6
3257 12
3258 6
3259 12
3260 6
3261 12
3262 6
3263 20
3264 6
3265 12
3266 6
3267 6
3268 6
3269 12
3270 6
3271 77
3272 6
3273 6
3274 6
3275 6
3276 6
3277 12
3278 6
3279 31
3280 6
3281 12
3282 6
3283 12
3284 6
3285 12
3286 6
3287 12
3288 6
3289 12
3290 6
3291 12
3292 6
3293 20
3294 6
3295 12
3296 6
3297 12
3298 6
3299 12
3300 6
3301 12
3302 6
3303 31
3304 6
3305 12
3306 6
3307 6
3308 6
3309 6
3310 6
3311 15
3312 6
3313 15
3314 6
3315 6
3316 6
3317 12
3318 6
3319 20
3320 6
3321 20
3322 6
3323 12
3324 6
3325 20
3326 6
3327 39
3328 6
3329 6
3330 6
3331 6
3332 6
3333 39
3334 6
3335 6
3336 6
3337 15
3338 6
3339 31
3340 6
3341 12
3342 6
3343 15
3344 6
3345 12
3346 6
3347 6
3348 6
3349 6
3350 6
3351 6
3352 6
3353 20
3354 6
3355 20
3356 6
3357 15
3358 6
3359 12
3360 6
3361 12
3362 6
3363 12
3364 6
3365 12
3366 6
3367 20
3368 6
3369 12
3370 6
3371 15
3372 6
3373 15
3374 6
3375 15
3376 6
3377 12
3378 6
3379 12
3380 6
3381 12
3382 6
3383 31
3384 6
3385 12
3386 6
3387 12
3388 6
3389 41
3390 6
3391 25
3392 6
3393 12
3394 6
3395 31
3396 6
3397 12
3398 6
3399 15
3400 6
3401 15
3402 6
3403 15
3404 6
3405 15
3406 6
3407 15
3408 6
3409 12
3410 6
3411 12
3412 6
3413 12
3414 6
3415 15
3416 6
3417 15
3418 6
3419 15
3420 6
3421 15
3422 6
3423 12
3424 6
3425 15
3426 6
3427 15
3428 6
3429 12
3430 6
3431 61
3432 6
3433 12
3434 6
3435 15
3436 6
3437 15
3438 6
3439 72
3440 6
3441 15
3442 6
3443 31
3444 6
3445 39
3446 6
3447 39
3448 6
3449 31
3450 6
3451 15
3452 6
3453 39
3454 6
3455 12
3456 6
3457 12
3458 6
3459 15
3460 6
3461 12
3462 6
3463 31
3464 6
3465 31
3466 6
3467 31
3468 6
3469 12
3470 6
3471 12
3472 6
3473 20
3474 6
3475 12
3476 6
3477 15
3478 6
3479 12
3480 6
3481 15
3482 12
3483 12
3484 12
3485 12
3486 12
3487 12
3488 12
3489 14
3490 12
3491 12
3492 12
3493 12
3494 12
3495 12
3496 12
3497 12
3498 12
3499 12
3500 12
3501 12
3502 12
3503 20
3504 12
3505 31
3506 12
3507 31
3508 12
3509 12
3510 12
3511 12
3512 12
3513 31
3514 12
3515 12
3516 12
3517 25
3518 12
3519 31
3520 12
3521 12
3522 12
3523 12
3524 12
3525 12
3526 12
3527 39
3528 12
3529 12
3530 12
3531 15
3532 12
3533 12
3534 12
3535 12
3536 12
3537 12
3538 12
3539 15
3540 12
3541 15
3542 12
3543 12
3544 12
3545 12
3546 12
3547 77
3548 12
3549 12
3550 12
3551 15
3552 12
3553 12
3554 12
3555 12
3556 12
3557 15
3558 12
3559 12
3560 12
3561 12
3562 12
3563 15
3564 12
3565 15
3566 12
3567 15
3568 12
3569 15
3570 12
3571 15
3572 12
3573 12
3574 12
3575 31
3576 12
3577 12
3578 12
3579 12
3580 12
3581 12
3582 12
3583 15
3584 12
3585 15
3586 12
3587 15
3588 12
3589 15
3590 12
3591 15
3592 12
3593 12
3594 12
3595 12
3596 12
3597 12
3598 12
3599 12
3600 6
3601 12
3602 6
3603 12
3604 6
3605 12
3606 6
3607 12
3608 6
3609 12
3610 6
3611 12
3612 6
3613 25
3614 6
3615 12
3616 6
3617 12
3618 6
3619 12
3620 6
3621 12
3622 6
3623 12
3624 6
3625 12
3626 6
3627 25
3628 6
3629 12
3630 6
3631 12
3632 6
3633 25
3634 6
3635 12
3636 6
3637 12
3638 6
3639 12
3640 6
3641 12
3642 6
3643 12
3644 6
3645 12
3646 6
3647 20
3648 6
3649 12
3650 6
3651 12
3652 6
3653 25
3654 6
3655 12
3656 6
3657 12
3658 6
3659 12
3660 6
3661 12
3662 6
3663 12
3664 6
3665 12
3666 6
3667 20
3668 6
3669 12
3670 6
3671 12
3672 6
3673 12
3674 6
3675 12
3676 6
3677 12
3678 6
3679 12
3680 6
3681 12
3682 6
3683 12
3684 6
3685 12
3686 6
3687 12
3688 6
3689 12
3690 6
3691 12
3692 6
3693 14
3694 6
3695 20
3696 6
3697 12
3698 6
3699 12
3700 6
3701 12
3702 6
3703 12
3704 6
3705 12
3706 6
3707 14
3708 6
3709 20
3710 6
3711 12
3712 6
3713 14
3714 6
3715 12
3716 6
3717 14
3718 6
3719 12
3720 6
3721 20
3722 12
3723 12
3724 12
3725 20
3726 12
3727 33
3728 12
3729 15
3730 12
3731 33
3732 12
3733 23
3734 12
3735 20
3736 12
3737 33
3738 12
3739 12
3740 12
3741 39
3742 12
3743 12
3744 12
3745 12
3746 12
3747 12
3748 12
3749 12
3750 12
3751 14
3752 12
3753 20
3754 12
3755 20
3756 12
3757 12
3758 12
3759 12
3760 12
3761 12
3762 12
3763 12
3764 12
3765 12
3766 12
3767 12
3768 12
3769 12
3770 12
3771 12
3772 12
3773 12
3774 12
3775 12
3776 12
3777 12
3778 12
3779 12
3780 12
3781 23
3782 12
3783 41
3784 12
3785 12
3786 12
3787 12
3788 12
3789 20
3790 12
3791 20
3792 12
3793 20
3794 12
3795 39
3796 12
3797 20
3798 12
3799 12
3800 12
3801 6
3802 12
3803 14
3804 12
3805 6
3806 12
3807 14
3808 12
3809 6
3810 12
3811 20
3812 12
3813 14
3814 12
3815 14
3816 12
3817 22
3818 12
3819 14
3820 12
3821 14
3822 12
3823 20
3824 12
3825 20
3826 12
3827 6
3828 12
3829 6
3830 12
3831 6
3832 12
3833 20
3834 12
3835 22
3836 12
3837 12
3838 12
3839 20
3840 12
3841 53
3842 12
3843 39
3844 6
3845 12
3846 6
3847 22
3848 6
3849 14
3850 6
3851 20
3852 6
3853 20
3854 6
3855 12
3856 6
3857 12
3858 6
3859 12
3860 6
3861 12
3862 6
3863 31
3864 6
3865 12
3866 6
3867 6
3868 6
3869 6
3870 6
3871 14
3872 6
3873 6
3874 6
3875 31
3876 6
3877 20
3878 6
3879 31
3880 6
3881 12
3882 6
3883 31
3884 6
3885 20
3886 6
3887 6
3888 6
3889 80
3890 6
3891 6
3892 6
3893 14
3894 6
3895 12
3896 6
3897 31
3898 6
3899 12
3900 6
3901 12
3902 6
3903 12
3904 6
3905 14
3906 6
3907 6
3908 6
3909 6
3910 6
3911 6
3912 6
3913 22
3914 6
3915 12
3916 6
3917 23
3918 6
3919 20
3920 6
3921 20
3922 6
3923 20
3924 6
3925 20
3926 6
3927 6
3928 6
3929 6
3930 6
3931 6
3932 6
3933 6
3934 6
3935 6
3936 6
3937 39
3938 6
3939 22
3940 6
3941 14
3942 6
3943 23
3944 6
3945 23
3946 6
3947 23
3948 6
3949 34
3950 6
3951 31
3952 6
3953 6
3954 6
3955 39
3956 6
3957 42
3958 6
3959 20
3960 6
3961 20
3962 6
3963 20
3964 6
3965 12
3966 6
3967 20
3968 6
3969 22
3970 6
3971 6
3972 6
3973 77
3974 6
3975 6
3976 6
3977 22
3978 6
3979 6
3980 6
3981 61
3982 6
3983 20
3984 6
3985 31
3986 6
3987 61
3988 6
3989 31
3990 6
3991 6
3992 6
3993 6
3994 6
3995 6
3996 6
3997 20
3998 6
3999 14
4000 6
4001 14
4002 6
4003 14
4004 6
4005 14
4006 6
4007 14
4008 6
4009 14
4010 6
4011 6
4012 6
4013 6
4014 6
4015 6
4016 6
4017 6
4018 6
4019 6
4020 6
4021 12
4022 6
4023 20
4024 6
4025 14
4026 6
4027 20
4028 6
4029 12
4030 6
4031 12
4032 6
4033 12
4034 6
4035 20
4036 6
4037 6
4038 6
4039 12
4040 6
4041 31
4042 6
4043 14
4044 6
4045 14
4046 6
4047 14
4048 6
4049 14
4050 6
4051 12
4052 6
4053 14
4054 6
4055 20
4056 6
4057 6
4058 6
4059 6
4060 6
4061 20
4062 6
4063 6
4064 6
4065 88
4066 6
4067 20
4068 6
4069 20
4070 6
4071 31
4072 6
4073 14
4074 6
4075 6
4076 6
4077 6
4078 6
4079 20
4080 6
4081 31
4082 6
4083 6
4084 6
4085 6
4086 6
4087 14
4088 6
4089 14
4090 6
4091 14
4092 6
4093 14
4094 6
4095 14
4096 4
4097 6
4098 4
4099 6
4100 4
4101 6
4102 4
4103 6
4104 4
4105 6
4106 4
4107 23
4108 4
4109 23
4110 4
4111 14
4112 4
4113 20
4114 4
4115 23
4116 4
4117 23
4118 4
4119 20
4120 4
4121 12
4122 4
4123 6
4124 4
4125 6
4126 4
4127 12
4128 4
4129 14
4130 4
4131 14
4132 4
4133 14
4134 4
4135 14
4136 4
4137 12
4138 4
4139 6
4140 4
4141 12
4142 4
4143 6
4144 4
4145 6
4146 4
4147 14
4148 4
4149 6
4150 4
4151 20
4152 4
4153 14
4154 4
4155 14
4156 4
4157 20
4158 4
4159 20
4160 4
4161 6
4162 4
4163 6
4164 4
4165 14
4166 4
4167 23
4168 4
4169 20
4170 4
4171 23
4172 4
4173 23
4174 4
4175 23
4176 4
4177 23
4178 4
4179 23
4180 4
4181 23
4182 4
4183 6
4184 4
4185 6
4186 4
4187 6
4188 4
4189 6
4190 4
4191 6
4192 4
4193 20
4194 4
4195 23
4196 4
4197 15
4198 4
4199 14
4200 4
4201 20
4202 4
4203 20
4204 4
4205 23
4206 4
4207 33
4208 4
4209 6
4210 4
4211 15
4212 4
4213 20
4214 4
4215 20
4216 4
4217 20
4218 4
4219 20
4220 4
4221 14
4222 4
4223 20
4224 4
4225 23
4226 6
4227 6
4228 6
4229 96
4230 6
4231 6
4232 6
4233 14
4234 6
4235 6
4236 6
4237 20
4238 6
4239 20
4240 6
4241 14
4242 6
4243 23
4244 6
4245 20
4246 6
4247 6
4248 6
4249 6
4250 6
4251 14
4252 6
4253 14
4254 6
4255 22
4256 6
4257 20
4258 6
4259 20
4260 6
4261 20
4262 6
4263 20
4264 6
4265 20
4266 6
4267 20
4268 6
4269 6
4270 6
4271 6
4272 6
4273 6
4274 6
4275 6
4276 6
4277 6
4278 6
4279 12
4280 6
4281 20
4282 6
4283 20
4284 6
4285 15
4286 6
4287 12
4288 6
4289 12
4290 6
4291 15
4292 6
4293 23
4294 6
4295 12
4296 6
4297 12
4298 6
4299 20
4300 6
4301 12
4302 6
4303 12
4304 6
4305 12
4306 6
4307 12
4308 6
4309 33
4310 6
4311 12
4312 6
4313 33
4314 6
4315 12
4316 6
4317 20
4318 6
4319 12
4320 6
4321 20
4322 6
4323 12
4324 6
4325 34
4326 6
4327 20
4328 6
4329 31
4330 6
4331 34
4332 6
4333 12
4334 6
4335 31
4336 6
4337 20
4338 6
4339 12
4340 6
4341 12
4342 6
4343 15
4344 6
4345 42
4346 6
4347 20
4348 6
4349 12
4350 6
4351 15
4352 6
4353 20
4354 6
4355 23
4356 4
4357 20
4358 4
4359 15
4360 4
4361 22
4362 4
4363 22
4364 4
4365 20
4366 4
4367 12
4368 4
4369 20
4370 4
4371 20
4372 4
4373 20
4374 4
4375 20
4376 4
4377 42
4378 4
4379 12
4380 4
4381 12
4382 4
4383 23
4384 4
4385 33
4386 4
4387 28
4388 4
4389 20
4390 4
4391 20
4392 4
4393 28
4394 4
4395 20
4396 4
4397 28
4398 4
4399 22
4400 4
4401 12
4402 4
4403 12
4404 4
4405 12
4406 4
4407 20
4408 4
4409 15
4410 4
4411 15
4412 4
4413 12
4414 4
4415 15
4416 4
4417 15
4418 4
4419 12
4420 4
4421 12
4422 4
4423 12
4424 4
4425 15
4426 4
4427 20
4428 4
4429 28
4430 4
4431 15
4432 4
4433 15
4434 4
4435 15
4436 4
4437 15
4438 4
4439 15
4440 4
4441 12
4442 4
4443 20
4444 4
4445 12
4446 4
4447 12
4448 4
4449 20
4450 4
4451 12
4452 4
4453 20
4454 4
4455 20
4456 4
4457 20
4458 4
4459 20
4460 4
4461 12
4462 4
4463 20
4464 4
4465 12
4466 4
4467 12
4468 4
4469 14
4470 4
4471 28
4472 4
4473 12
4474 4
4475 15
4476 4
4477 20
4478 4
4479 12
4480 4
4481 47
4482 4
4483 12
4484 4
4485 20
4486 4
4487 12
4488 4
4489 12
4490 12
4491 12
4492 12
4493 14
4494 12
4495 12
4496 12
4497 20
4498 12
4499 15
4500 12
4501 25
4502 12
4503 20
4504 12
4505 15
4506 12
4507 20
4508 12
4509 25
4510 12
4511 12
4512 12
4513 12
4514 12
4515 23
4516 12
4517 23
4518 12
4519 28
4520 12
4521 12
4522 12
4523 12
4524 12
4525 12
4526 12
4527 12
4528 12
4529 14
4530 12
4531 20
4532 12
4533 23
4534 12
4535 23
4536 12
4537 25
4538 12
4539 25
4540 12
4541 12
4542 12
4543 12
4544 12
4545 12
4546 12
4547 12
4548 12
4549 12
4550 12
4551 61
4552 12
4553 12
4554 12
4555 12
4556 12
4557 12
4558 12
4559 12
4560 12
4561 12
4562 12
4563 12
4564 12
4565 20
4566 12
4567 23
4568 12
4569 12
4570 12
4571 23
4572 12
4573 12
4574 12
4575 28
4576 12
4577 12
4578 12
4579 14
4580 12
4581 12
4582 12
4583 33
4584 12
4585 33
4586 12
4587 14
4588 12
4589 33
4590 12
4591 33
4592 12
4593 12
4594 12
4595 12
4596 12
4597 12
4598 12
4599 23
4600 12
4601 12
4602 12
4603 12
4604 12
4605 12
4606 12
4607 23
4608 12
4609 23
4610 12
4611 12
4612 12
4613 12
4614 12
4615 12
4616 12
4617 12
4618 12
4619 12
4620 12
4621 12
4622 12
4623 12
4624 4
4625 12
4626 4
4627 15
4628 4
4629 15
4630 4
4631 15
4632 4
4633 15
4634 4
4635 15
4636 4
4637 15
4638 4
4639 23
4640 4
4641 14
4642 4
4643 20
4644 4
4645 12
4646 4
4647 12
4648 4
4649 107
4650 4
4651 23
4652 4
4653 23
4654 4
4655 23
4656 4
4657 14
4658 4
4659 23
4660 4
4661 20
4662 4
4663 12
4664 4
4665 23
4666 4
4667 12
4668 4
4669 23
4670 4
4671 42
4672 4
4673 23
4674 4
4675 42
4676 4
4677 14
4678 4
4679 42
4680 4
4681 12
4682 4
4683 15
4684 4
4685 12
4686 4
4687 12
4688 4
4689 12
4690 4
4691 12
4692 4
4693 14
4694 4
4695 14
4696 4
4697 23
4698 4
4699 14
4700 4
4701 14
4702 4
4703 14
4704 4
4705 12
4706 4
4707 23
4708 4
4709 14
4710 4
4711 14
4712 4
4713 23
4714 4
4715 12
4716 4
4717 23
4718 4
4719 20
4720 4
4721 23
4722 4
4723 20
4724 4
4725 12
4726 4
4727 12
4728 4
4729 12
4730 4
4731 12
4732 4
4733 20
4734 4
4735 23
4736 4
4737 12
4738 4
4739 12
4740 4
4741 12
4742 4
4743 58
4744 4
4745 12
4746 4
4747 14
4748 4
4749 12
4750 4
4751 12
4752 4
4753 14
4754 4
4755 12
4756 4
4757 42
4758 4
4759 12
4760 4
4761 15
4762 15
4763 15
4764 15
4765 15
4766 15
4767 15
4768 15
4769 15
4770 15
4771 12
4772 15
4773 15
4774 15
4775 15
4776 15
4777 12
4778 15
4779 15
4780 15
4781 15
4782 15
4783 15
4784 15
4785 15
4786 15
4787 14
4788 15
4789 15
4790 15
4791 15
4792 15
4793 6
4794 15
4795 6
4796 15
4797 6
4798 15
4799 14
4800 15
4801 14
4802 15
4803 23
4804 15
4805 15
4806 15
4807 20
4808 15
4809 14
4810 15
4811 14
4812 15
4813 33
4814 15
4815 14
4816 15
4817 6
4818 15
4819 6
4820 15
4821 6
4822 15
4823 6
4824 15
4825 15
4826 15
4827 14
4828 15
4829 12
4830 15
4831 12
4832 15
4833 15
4834 15
4835 15
4836 15
4837 6
4838 15
4839 6
4840 15
4841 15
4842 15
4843 6
4844 15
4845 14
4846 15
4847 6
4848 15
4849 12
4850 15
4851 15
4852 15
4853 12
4854 15
4855 42
4856 15
4857 12
4858 15
4859 12
4860 15
4861 12
4862 15
4863 6
4864 15
4865 14
4866 15
4867 6
4868 15
4869 6
4870 15
4871 39
4872 15
4873 12
4874 15
4875 12
4876 15
4877 14
4878 15
4879 23
4880 15
4881 12
4882 15
4883 6
4884 15
4885 6
4886 15
4887 9
4888 15
4889 20
4890 15
4891 20
4892 15
4893 12
4894 15
4895 15
4896 15
4897 9
4898 15
4899 15
4900 4
4901 23
4902 4
4903 15
4904 4
4905 14
4906 4
4907 9
4908 4
4909 42
4910 4
4911 15
4912 4
4913 14
4914 4
4915 9
4916 4
4917 9
4918 4
4919 9
4920 4
4921 52
4922 4
4923 9
4924 4
4925 9
4926 4
4927 6
4928 4
4929 14
4930 4
4931 6
4932 4
4933 6
4934 4
4935 9
4936 4
4937 6
4938 4
4939 33
4940 4
4941 9
4942 4
4943 9
4944 4
4945 42
4946 4
4947 9
4948 4
4949 14
4950 4
4951 6
4952 4
4953 6
4954 4
4955 9
4956 4
4957 6
4958 4
4959 9
4960 4
4961 42
4962 4
4963 42
4964 4
4965 20
4966 4
4967 42
4968 4
4969 42
4970 4
4971 12
4972 4
4973 28
4974 4
4975 33
4976 4
4977 6
4978 4
4979 6
4980 4
4981 6
4982 4
4983 15
4984 4
4985 12
4986 4
4987 12
4988 4
4989 9
4990 4
4991 23
4992 4
4993 15
4994 4
4995 20
4996 4
4997 90
4998 4
4999 14
5000 4
5001 12
5002 4
5003 12
5004 4
5005 14
5006 4
5007 23
5008 4
5009 23
5010 4
5011 23
5012 4
5013 9
5014 4
5015 52
5016 4
5017 6
5018 4
5019 6
5020 4
5021 14
5022 4
5023 28
5024 4
5025 6
5026 4
5027 14
5028 4
5029 14
5030 4
5031 12
5032 4
5033 20
5034 4
5035 12
5036 4
5037 20
5038 4
5039 6
5040 4
5041 12
5042 6
5043 6
5044 6
5045 28
5046 6
5047 6
5048 6
5049 14
5050 6
5051 15
5052 6
5053 15
5054 6
5055 15
5056 6
5057 15
5058 6
5059 20
5060 6
5061 9
5062 6
5063 6
5064 6
5065 6
5066 6
5067 9
5068 6
5069 15
5070 6
5071 6
5072 6
5073 20
5074 6
5075 20
5076 6
5077 15
5078 6
5079 9
5080 6
5081 28
5082 6
5083 28
5084 6
5085 15
5086 6
5087 23
5088 6
5089 20
5090 6
5091 20
5092 6
5093 9
5094 6
5095 14
5096 6
5097 23
5098 6
5099 23
5100 6
5101 20
5102 6
5103 20
5104 6
5105 20
5106 6
5107 6
5108 6
5109 28
5110 6
5111 60
5112 6
5113 6
5114 6
5115 6
5116 6
5117 14
5118 6
5119 14
5120 6
5121 14
5122 6
5123 9
5124 6
5125 14
5126 6
5127 14
5128 6
5129 9
5130 6
5131 6
5132 6
5133 9
5134 6
5135 6
5136 6
5137 20
5138 6
5139 6
5140 6
5141 9
5142 6
5143 9
5144 6
5145 47
5146 6
5147 14
5148 6
5149 9
5150 6
5151 9
5152 6
5153 20
5154 6
5155 6
5156 6
5157 9
5158 6
5159 20
5160 6
5161 6
5162 6
5163 9
5164 6
5165 9
5166 6
5167 14
5168 6
5169 28
5170 6
5171 9
5172 6
5173 9
5174 6
5175 6
5176 6
5177 6
5178 6
5179 6
5180 6
5181 6
5182 6
5183 6
5184 4
5185 9
5186 4
5187 9
5188 4
5189 9
5190 4
5191 9
5192 4
5193 9
5194 4
5195 9
5196 4
5197 6
5198 4
5199 20
5200 4
5201 20
5202 4
5203 15
5204 4
5205 6
5206 4
5207 6
5208 4
5209 9
5210 4
5211 15
5212 4
5213 15
5214 4
5215 9
5216 4
5217 9
5218 4
5219 6
5220 4
5221 9
5222 4
5223 9
5224 4
5225 6
5226 4
5227 39
5228 4
5229 6
5230 4
5231 14
5232 4
5233 23
5234 4
5235 20
5236 4
5237 23
5238 4
5239 33
5240 4
5241 23
5242 4
5243 6
5244 4
5245 9
5246 4
5247 6
5248 4
5249 23
5250 4
5251 9
5252 4
5253 14
5254 4
5255 14
5256 4
5257 9
5258 4
5259 9
5260 4
5261 14
5262 4
5263 14
5264 4
5265 6
5266 4
5267 9
5268 4
5269 14
5270 4
5271 9
5272 4
5273 33
5274 4
5275 20
5276 4
5277 9
5278 4
5279 9
5280 4
5281 9
5282 4
5283 9
5284 4
5285 9
5286 4
5287 9
5288 4
5289 14
5290 4
5291 14
5292 4
5293 9
5294 4
5295 9
5296 4
5297 6
5298 4
5299 20
5300 4
5301 20
5302 4
5303 23
5304 4
5305 39
5306 4
5307 20
5308 4
5309 9
5310 4
5311 23
5312 4
5313 6
5314 4
5315 9
5316 4
5317 14
5318 4
5319 6
5320 4
5321 14
5322 4
5323 9
5324 4
5325 14
5326 4
5327 9
5328 4
5329 23
5330 9
5331 9
5332 9
5333 14
5334 9
5335 6
5336 9
5337 39
5338 9
5339 6
5340 9
5341 22
5342 9
5343 20
5344 9
5345 47
5346 9
5347 23
5348 9
5349 49
5350 9
5351 47
5352 9
5353 22
5354 9
5355 14
5356 9
5357 39
5358 9
5359 14
5360 9
5361 14
5362 9
5363 39
5364 9
5365 39
5366 9
5367 23
5368 9
5369 14
5370 9
5371 14
5372 9
5373 14
5374 9
5375 14
5376 9
5377 14
5378 9
5379 14
5380 9
5381 14
5382 9
5383 14
5384 9
5385 23
5386 9
5387 39
5388 9
5389 20
5390 9
5391 20
5392 9
5393 23
5394 9
5395 20
5396 9
5397 20
5398 9
5399 14
5400 9
5401 20
5402 9
5403 14
5404 9
5405 14
5406 9
5407 20
5408 9
5409 14
5410 9
5411 14
5412 9
5413 23
5414 9
5415 39
5416 9
5417 14
5418 9
5419 14
5420 9
5421 14
5422 9
5423 9
5424 9
5425 14
5426 9
5427 39
5428 9
5429 14
5430 9
5431 23
5432 9
5433 14
5434 9
5435 14
5436 9
5437 14
5438 9
5439 23
5440 9
5441 28
5442 9
5443 14
5444 9
5445 20
5446 9
5447 23
5448 9
5449 14
5450 9
5451 14
5452 9
5453 20
5454 9
5455 23
5456 9
5457 14
5458 9
5459 20
5460 9
5461 20
5462 9
5463 39
5464 9
5465 20
5466 9
5467 41
5468 9
5469 20
5470 9
5471 47
5472 9
5473 23
5474 9
5475 23
5476 4
5477 9
5478 4
5479 20
5480 4
5481 20
5482 4
5483 9
5484 4
5485 20
5486 4
5487 20
5488 4
5489 14
5490 4
5491 20
5492 4
5493 14
5494 4
5495 14
5496 4
5497 47
5498 4
5499 14
5500 4
5501 14
5502 4
5503 14
5504 4
5505 39
5506 4
5507 20
5508 4
5509 14
5510 4
5511 20
5512 4
5513 23
5514 4
5515 14
5516 4
5517 66
5518 4
5519 14
5520 4
5521 23
5522 4
5523 14
5524 4
5525 14
5526 4
5527 14
5528 4
5529 20
5530 4
5531 14
5532 4
5533 20
5534 4
5535 14
5536 4
5537 14
5538 4
5539 14
5540 4
5541 14
5542 4
5543 14
5544 4
5545 85
5546 4
5547 14
5548 4
5549 23
5550 4
5551 14
5552 4
5553 14
5554 4
5555 14
5556 4
5557 14
5558 4
5559 33
5560 4
5561 14
5562 4
5563 23
5564 4
5565 14
5566 4
5567 14
5568 4
5569 14
5570 4
5571 14
5572 4
5573 14
5574 4
5575 14
5576 4
5577 14
5578 4
5579 14
5580 4
5581 14
5582 4
5583 14
5584 4
5585 9
5586 4
5587 20
5588 4
5589 9
5590 4
5591 39
5592 4
5593 14
5594 4
5595 14
5596 4
5597 20
5598 4
5599 14
5600 4
5601 28
5602 4
5603 20
5604 4
5605 20
5606 4
5607 28
5608 4
5609 14
5610 4
5611 14
5612 4
5613 20
5614 4
5615 14
5616 4
5617 14
5618 4
5619 14
5620 4
5621 74
5622 4
5623 9
5624 4
5625 14
5626 9
5627 9
5628 9
5629 9
5630 9
5631 14
5632 9
5633 14
5634 9
5635 14
5636 9
5637 20
5638 9
5639 14
5640 9
5641 14
5642 9
5643 14
5644 9
5645 9
5646 9
5647 9
5648 9
5649 49
5650 9
5651 20
5652 9
5653 9
5654 9
5655 14
5656 9
5657 14
5658 9
5659 14
5660 9
5661 14
5662 9
5663 20
5664 9
5665 14
5666 9
5667 20
5668 9
5669 20
5670 9
5671 20
5672 9
5673 20
5674 9
5675 20
5676 9
5677 14
5678 9
5679 14
5680 9
5681 14
5682 9
5683 14
5684 9
5685 14
5686 9
5687 20
5688 9
5689 20
5690 9
5691 14
5692 9
5693 14
5694 9
5695 14
5696 9
5697 14
5698 9
5699 20
5700 9
5701 20
5702 9
5703 14
5704 9
5705 14
5706 9
5707 69
5708 9
5709 14
5710 9
5711 14
5712 9
5713 14
5714 9
5715 20
5716 9
5717 20
5718 9
5719 20
5720 9
5721 20
5722 9
5723 39
5724 9
5725 14
5726 9
5727 20
5728 9
5729 14
5730 9
5731 14
5732 9
5733 14
5734 9
5735 41
5736 9
5737 9
5738 9
5739 41
5740 9
5741 41
5742 9
5743 9
5744 9
5745 41
5746 9
5747 14
5748 9
5749 9
5750 9
5751 28
5752 9
5753 14
5754 9
5755 14
5756 9
5757 9
5758 9
5759 9
5760 9
5761 20
5762 9
5763 9
5764 9
5765 9
5766 9
5767 9
5768 9
5769 9
5770 9
5771 14
5772 9
5773 14
5774 9
5775 14
5776 4
5777 14
5778 4
5779 14
5780 4
5781 14
5782 4
5783 28
5784 4
5785 28
5786 4
5787 28
5788 4
5789 28
5790 4
5791 47
5792 4
5793 9
5794 4
5795 9
5796 4
5797 14
5798 4
5799 14
5800 4
5801 28
5802 4
5803 9
5804 4
5805 9
5806 4
5807 9
5808 4
5809 20
5810 4
5811 9
5812 4
5813 9
5814 4
5815 28
5816 4
5817 14
5818 4
5819 47
5820 4
5821 20
5822 4
5823 14
5824 4
5825 20
5826 4
5827 14
5828 4
5829 20
5830 4
5831 14
5832 4
5833 14
5834 4
5835 20
5836 4
5837 14
5838 4
5839 9
5840 4
5841 14
5842 4
5843 14
5844 4
5845 28
5846 4
5847 14
5848 4
5849 14
5850 4
5851 31
5852 4
5853 20
5854 4
5855 47
5856 4
5857 47
5858 4
5859 14
5860 4
5861 9
5862 4
5863 20
5864 4
5865 14
5866 4
5867 14
5868 4
5869 14
5870 4
5871 14
5872 4
5873 14
5874 4
5875 30
5876 4
5877 30
5878 4
5879 30
5880 4
5881 30
5882 4
5883 30
5884 4
5885 30
5886 4
5887 14
5888 4
5889 14
5890 4
5891 20
5892 4
5893 28
5894 4
5895 47
5896 4
5897 28
5898 4
5899 28
5900 4
5901 28
5902 4
5903 9
5904 4
5905 47
5906 4
5907 28
5908 4
5909 28
5910 4
5911 30
5912 4
5913 14
5914 4
5915 14
5916 4
5917 14
5918 4
5919 14
5920 4
5921 28
5922 4
5923 20
5924 4
5925 20
5926 4
5927 20
5928 4
5929 20
5930 20
5931 20
5932 20
5933 9
5934 20
5935 9
5936 20
5937 28
5938 20
5939 9
5940 20
5941 30
5942 20
5943 9
5944 20
5945 39
5946 20
5947 30
5948 20
5949 39
5950 20
5951 39
5952 20
5953 28
5954 20
5955 14
5956 20
5957 9
5958 20
5959 9
5960 20
5961 20
5962 20
5963 9
5964 20
5965 14
5966 20
5967 28
5968 20
5969 20
5970 20
5971 20
5972 20
5973 20
5974 20
5975 20
5976 20
5977 20
5978 20
5979 20
5980 20
5981 9
5982 20
5983 9
5984 20
5985 9
5986 20
5987 9
5988 20
5989 9
5990 20
5991 9
5992 20
5993 22
5994 20
5995 22
5996 20
5997 30
5998 20
5999 20
6000 20
6001 22
6002 20
6003 22
6004 20
6005 14
6006 20
6007 20
6008 20
6009 9
6010 20
6011 9
6012 20
6013 61
6014 20
6015 47
6016 20
6017 14
6018 20
6019 28
6020 20
6021 14
6022 20
6023 14
6024 20
6025 14
6026 20
6027 9
6028 20
6029 69
6030 20
6031 9
6032 20
6033 14
6034 20
6035 9
6036 20
6037 14
6038 20
6039 14
6040 20
6041 14
6042 20
6043 20
6044 20
6045 14
6046 20
6047 9
6048 20
6049 14
6050 20
6051 9
6052 20
6053 20
6054 20
6055 14
6056 20
6057 9
6058 20
6059 9
6060 20
6061 20
6062 20
6063 20
6064 20
6065 9
6066 20
6067 9
6068 20
6069 9
6070 20
6071 28
6072 20
6073 20
6074 20
6075 20
6076 20
6077 31
6078 20
6079 47
6080 20
6081 9
6082 20
6083 20
6084 4
6085 28
6086 4
6087 9
6088 4
6089 20
6090 4
6091 20
6092 4
6093 9
6094 4
6095 20
6096 4
6097 20
6098 4
6099 9
6100 4
6101 9
6102 4
6103 9
6104 4
6105 28
6106 4
6107 20
6108 4
6109 9
6110 4
6111 9
6112 4
6113 14
6114 4
6115 14
6116 4
6117 9
6118 4
6119 9
6120 4
6121 9
6122 4
6123 9
6124 4
6125 14
6126 4
6127 9
6128 4
6129 9
6130 4
6131 28
6132 4
6133 31
6134 4
6135 30
6136 4
6137 31
6138 4
6139 20
6140 4
6141 31
6142 4
6143 22
6144 4
6145 9
6146 4
6147 9
6148 4
6149 14
6150 4
6151 9
6152 4
6153 42
6154 4
6155 20
6156 4
6157 20
6158 4
6159 14
6160 4
6161 20
6162 4
6163 20
6164 4
6165 20
6166 4
6167 20
6168 4
6169 14
6170 4
6171 14
6172 4
6173 9
6174 4
6175 9
6176 4
6177 9
6178 4
6179 9
6180 4
6181 14
6182 4
6183 66
6184 4
6185 14
6186 4
6187 22
6188 4
6189 20
6190 4
6191 20
6192 4
6193 79
6194 4
6195 9
6196 4
6197 9
6198 4
6199 9
6200 4
6201 9
6202 4
6203 9
6204 4
6205 14
6206 4
6207 28
6208 4
6209 20
6210 4
6211 20
6212 4
6213 20
6214 4
6215 22
6216 4
6217 20
6218 4
6219 9
6220 4
6221 9
6222 4
6223 20
6224 4
6225 9
6226 4
6227 9
6228 4
6229 14
6230 4
6231 20
6232 4
6233 14
6234 4
6235 20
6236 4
6237 39
6238 4
6239 20
6240 4
6241 9
6242 9
6243 9
6244 9
6245 28
6246 9
6247 9
6248 9
6249 22
6250 9
6251 14
6252 9
6253 9
6254 9
6255 14
6256 9
6257 14
6258 9
6259 9
6260 9
6261 14
6262 9
6263 9
6264 9
6265 9
6266 9
6267 20
6268 9
6269 9
6270 9
6271 9
6272 9
6273 28
6274 9
6275 9
6276 9
6277 28
6278 9
6279 9
6280 9
6281 9
6282 9
6283 9
6284 9
6285 9
6286 9
6287 9
6288 9
6289 20
6290 9
6291 14
6292 9
6293 28
6294 9
6295 9
6296 9
6297 14
6298 9
6299 14
6300 9
6301 14
6302 9
6303 14
6304 9
6305 14
6306 9
6307 14
6308 9
6309 14
6310 9
6311 14
6312 9
6313 9
6314 9
6315 14
6316 9
6317 9
6318 9
6319 9
6320 9
6321 14
6322 9
6323 14
6324 9
6325 14
6326 9
6327 28
6328 9
6329 14
6330 9
6331 14
6332 9
6333 9
6334 9
6335 14
6336 9
6337 9
6338 9
6339 14
6340 9
6341 9
6342 9
6343 14
6344 9
6345 9
6346 9
6347 14
6348 9
6349 14
6350 9
6351 30
6352 9
6353 14
6354 9
6355 14
6356 9
6357 14
6358 9
6359 14
6360 9
6361 42
6362 9
6363 9
6364 9
6365 14
6366 9
6367 14
6368 9
6369 9
6370 9
6371 14
6372 9
6373 28
6374 9
6375 14
6376 9
6377 14
6378 9
6379 14
6380 9
6381 22
6382 9
6383 14
6384 9
6385 60
6386 9
6387 9
6388 9
6389 9
6390 9
6391 9
6392 9
6393 9
6394 9
6395 9
6396 9
6397 9
6398 9
6399 9
6400 4
6401 9
6402 4
6403 9
6404 4
6405 9
6406 4
6407 9
6408 4
6409 9
6410 4
6411 9
6412 4
6413 9
6414 4
6415 9
6416 4
6417 9
6418 4
6419 9
6420 4
6421 11
6422 4
6423 11
6424 4
6425 11
6426 4
6427 31
6428 4
6429 88
6430 4
6431 9
6432 4
6433 20
6434 4
6435 9
6436 4
6437 9
6438 4
6439 12
6440 4
6441 9
6442 4
6443 9
6444 4
6445 9
6446 4
6447 9
6448 4
6449 12
6450 4
6451 9
6452 4
6453 9
6454 4
6455 9
6456 4
6457 12
6458 4
6459 9
6460 4
6461 12
6462 4
6463 9
6464 4
6465 12
6466 4
6467 9
6468 4
6469 12
6470 4
6471 20
6472 4
6473 12
6474 4
6475 12
6476 4
6477 20
6478 4
6479 28
6480 4
6481 9
6482 4
6483 9
6484 4
6485 9
6486 4
6487 22
6488 4
6489 31
6490 4
6491 9
6492 4
6493 9
6494 4
6495 9
6496 4
6497 22
6498 4
6499 11
6500 4
6501 9
6502 4
6503 11
6504 4
6505 9
6506 4
6507 9
6508 4
6509 31
6510 4
6511 9
6512 4
6513 12
6514 4
6515 20
6516 4
6517 9
6518 4
6519 12
6520 4
6521 12
6522 4
6523 12
6524 4
6525 31
6526 4
6527 9
6528 4
6529 31
6530 4
6531 9
6532 4
6533 9
6534 4
6535 9
6536 4
6537 9
6538 4
6539 9
6540 4
6541 9
6542 4
6543 31
6544 4
6545 9
6546 4
6547 9
6548 4
6549 9
6550 4
6551 9
6552 4
6553 28
6554 4
6555 9
6556 4
6557 30
6558 4
6559 9
6560 4
6561 12
6562 11
6563 11
6564 11
6565 28
6566 11
6567 11
6568 11
6569 28
6570 11
6571 11
6572 11
6573 9
6574 11
6575 9
6576 11
6577 9
6578 11
6579 28
6580 11
6581 9
6582 11
6583 9
6584 11
6585 9
6586 11
6587 9
6588 11
6589 9
6590 11
6591 9
6592 11
6593 22
6594 11
6595 31
6596 11
6597 9
6598 11
6599 9
6600 11
6601 9
6602 11
6603 9
6604 11
6605 12
6606 11
6607 28
6608 11
6609 9
6610 11
6611 9
6612 11
6613 9
6614 11
6615 14
6616 11
6617 30
6618 11
6619 9
6620 11
6621 12
6622 11
6623 9
6624 11
6625 12
6626 11
6627 9
6628 11
6629 9
6630 11
6631 9
6632 11
6633 9
6634 11
6635 9
6636 11
6637 14
6638 11
6639 9
6640 11
6641 9
6642 11
6643 11
6644 11
6645 9
6646 11
6647 9
6648 11
6649 9
6650 11
6651 22
6652 11
6653 9
6654 11
6655 9
6656 11
6657 11
6658 11
6659 11
6660 11
6661 9
6662 11
6663 11
6664 11
6665 11
6666 11
6667 11
6668 11
6669 11
6670 11
6671 9
6672 11
6673 9
6674 11
6675 9
6676 11
6677 9
6678 11
6679 9
6680 11
6681 9
6682 11
6683 20
6684 11
6685 50
6686 11
6687 9
6688 11
6689 20
6690 11
6691 30
6692 11
6693 20
6694 11
6695 9
6696 11
6697 9
6698 11
6699 28
6700 11
6701 9
6702 11
6703 28
6704 11
6705 9
6706 11
6707 9
6708 11
6709 9
6710 11
6711 28
6712 11
6713 20
6714 11
6715 23
6716 11
6717 9
6718 11
6719 11
6720 11
6721 31
6722 11
6723 11
6724 9
6725 85
6726 9
6727 9
6728 9
6729 9
6730 9
6731 11
6732 9
6733 20
6734 9
6735 11
6736 9
6737 20
6738 9
6739 9
6740 9
6741 9
6742 9
6743 9
6744 9
6745 31
6746 9
6747 20
6748 9
6749 9
6750 9
6751 9
6752 9
6753 9
6754 9
6755 41
6756 9
6757 28
6758 9
6759 9
6760 9
6761 20
6762 9
6763 9
6764 9
6765 9
6766 9
6767 41
6768 9
6769 9
6770 9
6771 42
6772 9
6773 11
6774 9
6775 9
6776 9
6777 41
6778 9
6779 9
6780 9
6781 31
6782 9
6783 9
6784 9
6785 9
6786 9
6787 41
6788 9
6789 9
6790 9
6791 41
6792 9
6793 9
6794 9
6795 9
6796 9
6797 39
6798 9
6799 9
6800 9
6801 9
6802 9
6803 11
6804 9
6805 11
6806 9
6807 11
6808 9
6809 11
6810 9
6811 14
6812 9
6813 23
6814 9
6815 9
6816 9
6817 9
6818 9
6819 9
6820 9
6821 11
6822 9
6823 11
6824 9
6825 11
6826 9
6827 11
6828 9
6829 11
6830 9
6831 11
6832 9
6833 20
6834 9
6835 11
6836 9
6837 11
6838 9
6839 20
6840 9
6841 11
6842 9
6843 12
6844 9
6845 11
6846 9
6847 42
6848 9
6849 9
6850 9
6851 11
6852 9
6853 11
6854 9
6855 20
6856 9
6857 28
6858 9
6859 11
6860 9
6861 11
6862 9
6863 20
6864 9
6865 31
6866 9
6867 9
6868 9
6869 9
6870 9
6871 31
6872 9
6873 9
6874 9
6875 11
6876 9
6877 12
6878 9
6879 11
6880 9
6881 36
6882 9
6883 11
6884 9
6885 11
6886 9
6887 9
6888 9
6889 74
6890 9
6891 9
6892 9
6893 12
6894 9
6895 9
6896 9
6897 12
6898 9
6899 9
6900 9
6901 11
6902 9
6903 11
6904 9
6905 11
6906 9
6907 12
6908 9
6909 11
6910 9
6911 11
6912 9
6913 23
6914 9
6915 20
6916 9
6917 9
6918 9
6919 9
6920 9
6921 12
6922 9
6923 12
6924 9
6925 12
6926 9
6927 12
6928 9
6929 12
6930 9
6931 12
6932 9
6933 12
6934 9
6935 23
6936 9
6937 12
6938 9
6939 23
6940 9
6941 31
6942 9
6943 12
6944 9
6945 23
6946 9
6947 12
6948 9
6949 31
6950 9
6951 28
6952 9
6953 12
6954 9
6955 23
6956 9
6957 12
6958 9
6959 68
6960 9
6961 9
6962 9
6963 9
6964 9
6965 11
6966 9
6967 11
6968 9
6969 28
6970 9
6971 9
6972 9
6973 20
6974 9
6975 20
6976 9
6977 11
6978 9
6979 20
6980 9
6981 28
6982 9
6983 11
6984 9
6985 9
6986 9
6987 60
6988 9
6989 9
6990 9
6991 9
6992 9
6993 31
6994 9
6995 9
6996 9
6997 11
6998 9
6999 11
7000 9
7001 11
7002 9
7003 11
7004 9
7005 50
7006 9
7007 11
7008 9
7009 41
7010 9
7011 20
7012 9
7013 9
7014 9
7015 11
7016 9
7017 9
7018 9
7019 9
7020 9
7021 11
7022 9
7023 20
7024 9
7025 20
7026 9
7027 11
7028 9
7029 74
7030 9
7031 20
7032 9
7033 20
7034 9
7035 11
7036 9
7037 11
7038 9
7039 20
7040 9
7041 39
7042 9
7043 9
7044 9
7045 9
7046 9
7047 23
7048 9
7049 23
7050 9
7051 23
7052 9
7053 23
7054 9
7055 23
7056 9
7057 23
7058 9
7059 9
7060 9
7061 9
7062 9
7063 9
7064 9
7065 9
7066 9
7067 9
7068 9
7069 9
7070 9
7071 20
7072 9
7073 9
7074 9
7075 12
7076 9
7077 12
7078 9
7079 12
7080 9
7081 12
7082 9
7083 9
7084 9
7085 28
7086 9
7087 9
7088 9
7089 9
7090 9
7091 9
7092 9
7093 9
7094 9
7095 22
7096 9
7097 31
7098 9
7099 22
7100 9
7101 20
7102 9
7103 9
7104 9
7105 22
7106 9
7107 47
7108 9
7109 9
7110 9
7111 12
7112 9
7113 9
7114 9
7115 12
7116 9
7117 9
7118 9
7119 12
7120 9
7121 9
7122 9
7123 9
7124 9
7125 12
7126 9
7127 9
7128 9
7129 9
7130 9
7131 9
7132 9
7133 9
7134 9
7135 11
7136 9
7137 9
7138 9
7139 9
7140 9
7141 9
7142 9
7143 11
7144 9
7145 20
7146 9
7147 9
7148 9
7149 9
7150 9
7151 9
7152 9
7153 20
7154 9
7155 9
7156 9
7157 9
7158 9
7159 9
7160 9
7161 20
7162 9
7163 9
7164 9
7165 9
7166 9
7167 9
7168 9
7169 9
7170 9
7171 9
7172 9
7173 9
7174 9
7175 41
7176 9
7177 42
7178 9
7179 9
7180 9
7181 20
7182 9
7183 9
7184 9
7185 9
7186 9
7187 9
7188 9
7189 9
7190 9
7191 69
7192 9
7193 9
7194 9
7195 9
7196 9
7197 9
7198 9
7199 9
7200 9
7201 22
7202 9
7203 9
7204 9
7205 9
7206 9
7207 9
7208 9
7209 9
7210 9
7211 9
7212 9
7213 9
7214 9
7215 9
7216 9
7217 9
7218 9
7219 12
7220 9
7221 12
7222 9
7223 12
7224 9
7225 9
7226 12
7227 12
7228 12
7229 20
7230 12
7231 9
7232 12
7233 11
7234 12
7235 9
7236 12
7237 11
7238 12
7239 9
7240 12
7241 9
7242 12
7243 9
7244 12
7245 12
7246 12
7247 12
7248 12
7249 20
7250 12
7251 12
7252 12
7253 12
7254 12
7255 12
7256 12
7257 20
7258 12
7259 23
7260 12
7261 9
7262 12
7263 9
7264 12
7265 9
7266 12
7267 20
7268 12
7269 12
7270 12
7271 20
7272 12
7273 23
7274 12
7275 20
7276 12
7277 12
7278 12
7279 9
7280 12
7281 9
7282 12
7283 9
7284 12
7285 9
7286 12
7287 9
7288 12
7289 12
7290 12
7291 11
7292 12
7293 9
7294 12
7295 12
7296 12
7297 12
7298 12
7299 12
7300 12
7301 12
7302 12
7303 12
7304 12
7305 12
7306 12
7307 74
7308 12
7309 9
7310 12
7311 9
7312 12
7313 12
7314 12
7315 11
7316 12
7317 9
7318 12
7319 9
7320 12
7321 9
7322 12
7323 9
7324 12
7325 12
7326 12
7327 12
7328 12
7329 9
7330 12
7331 28
7332 12
7333 9
7334 12
7335 12
7336 12
7337 9
7338 12
7339 12
7340 12
7341 9
7342 12
7343 12
7344 12
7345 9
7346 12
7347 9
7348 12
7349 9
7350 12
7351 12
7352 12
7353 12
7354 12
7355 9
7356 12
7357 12
7358 12
7359 9
7360 12
7361 9
7362 12
7363 12
7364 12
7365 20
7366 12
7367 20
7368 12
7369 20
7370 12
7371 28
7372 12
7373 28
7374 12
7375 20
7376 12
7377 20
7378 12
7379 9
7380 12
7381 22
7382 12
7383 9
7384 12
7385 11
7386 12
7387 11
7388 12
7389 9
7390 12
7391 22
7392 12
7393 12
7394 12
7395 22
7396 9
7397 23
7398 9
7399 12
7400 9
7401 11
7402 9
7403 12
7404 9
7405 11
7406 9
7407 12
7408 9
7409 22
7410 9
7411 12
7412 9
7413 9
7414 9
7415 33
7416 9
7417 33
7418 9
7419 12
7420 9
7421 28
7422 9
7423 33
7424 9
7425 33
7426 9
7427 20
7428 9
7429 12
7430 9
7431 9
7432 9
7433 9
7434 9
7435 12
7436 9
7437 9
7438 9
7439 12
7440 9
7441 12
7442 9
7443 12
7444 9
7445 31
7446 9
7447 12
7448 9
7449 12
7450 9
7451 12
7452 9
7453 85
7454 9
7455 9
7456 9
7457 11
7458 9
7459 9
7460 9
7461 20
7462 9
7463 9
7464 9
7465 12
7466 9
7467 12
7468 9
7469 12
7470 9
7471 23
7472 9
7473 12
7474 9
7475 12
7476 9
7477 12
7478 9
7479 9
7480 9
7481 9
7482 9
7483 12
7484 9
7485 11
7486 9
7487 28
7488 9
7489 47
7490 9
7491 47
7492 9
7493 12
7494 9
7495 11
7496 9
7497 12
7498 9
7499 23
7500 9
7501 9
7502 9
7503 9
7504 9
7505 9
7506 9
7507 9
7508 9
7509 9
7510 9
7511 9
7512 9
7513 9
7514 9
7515 74
7516 9
7517 74
7518 9
7519 74
7520 9
7521 74
7522 9
7523 11
7524 9
7525 36
7526 9
7527 11
7528 9
7529 55
7530 9
7531 9
7532 9
7533 9
7534 9
7535 9
7536 9
7537 11
7538 9
7539 23
7540 9
7541 11
7542 9
7543 11
7544 9
7545 11
7546 9
7547 11
7548 9
7549 11
7550 9
7551 11
7552 9
7553 9
7554 9
7555 9
7556 9
7557 22
7558 9
7559 9
7560 9
7561 23
7562 9
7563 9
7564 9
7565 11
7566 9
7567 11
7568 9
7569 12
7570 11
7571 11
7572 11
7573 12
7574 11
7575 11
7576 11
7577 22
7578 11
7579 9
7580 11
7581 36
7582 11
7583 9
7584 11
7585 9
7586 11
7587 14
7588 11
7589 12
7590 11
7591 12
7592 11
7593 12
7594 11
7595 12
7596 11
7597 12
7598 11
7599 12
7600 11
7601 12
7602 11
7603 9
7604 11
7605 9
7606 11
7607 9
7608 11
7609 22
7610 11
7611 22
7612 11
7613 23
7614 11
7615 12
7616 11
7617 12
7618 11
7619 12
7620 11
7621 12
7622 11
7623 12
7624 11
7625 12
7626 11
7627 9
7628 11
7629 9
7630 11
7631 9
7632 11
7633 9
7634 11
7635 9
7636 11
7637 9
7638 11
7639 11
7640 11
7641 23
7642 11
7643 20
7644 11
7645 22
7646 11
7647 12
7648 11
7649 12
7650 11
7651 9
7652 11
7653 22
7654 11
7655 12
7656 11
7657 9
7658 11
7659 9
7660 11
7661 12
7662 11
7663 12
7664 11
7665 12
7666 11
7667 28
7668 11
7669 12
7670 11
7671 12
7672 11
7673 47
7674 11
7675 12
7676 11
7677 20
7678 11
7679 9
7680 11
7681 9
7682 11
7683 22
7684 11
7685 9
7686 11
7687 76
7688 11
7689 12
7690 11
7691 12
7692 11
7693 12
7694 11
7695 12
7696 11
7697 12
7698 11
7699 12
7700 11
7701 20
7702 11
7703 31
7704 11
7705 9
7706 11
7707 31
7708 11
7709 28
7710 11
7711 9
7712 11
7713 12
7714 11
7715 12
7716 11
7717 23
7718 11
7719 12
7720 11
7721 12
7722 11
7723 12
7724 11
7725 12
7726 11
7727 11
7728 11
7729 9
7730 11
7731 9
7732 11
7733 9
7734 11
7735 9
7736 11
7737 9
7738 11
7739 12
7740 11
7741 12
7742 11
7743 12
7744 9
7745 12
7746 9
7747 12
7748 9
7749 12
7750 9
7751 9
7752 9
7753 9
7754 9
7755 9
7756 9
7757 9
7758 9
7759 9
7760 9
7761 12
7762 9
7763 22
7764 9
7765 12
7766 9
7767 12
7768 9
7769 12
7770 9
7771 12
7772 9
7773 28
7774 9
7775 12
7776 9
7777 9
7778 9
7779 17
7780 9
7781 22
7782 9
7783 9
7784 9
7785 22
7786 9
7787 50
7788 9
7789 12
7790 9
7791 12
7792 9
7793 12
7794 9
7795 50
7796 9
7797 17
7798 9
7799 12
7800 9
7801 12
7802 9
7803 9
7804 9
7805 12
7806 9
7807 9
7808 9
7809 12
7810 9
7811 12
7812 9
7813 12
7814 9
7815 41
7816 9
7817 12
7818 9
7819 12
7820 9
7821 12
7822 9
7823 12
7824 9
7825 12
7826 9
7827 12
7828 9
7829 9
7830 9
7831 9
7832 9
7833 12
7834 9
7835 12
7836 9
7837 9
7838 9
7839 12
7840 9
7841 12
7842 9
7843 12
7844 9
7845 12
7846 9
7847 131
7848 9
7849 12
7850 9
7851 9
7852 9
7853 9
7854 9
7855 9
7856 9
7857 9
7858 9
7859 9
7860 9
7861 9
7862 9
7863 12
7864 9
7865 12
7866 9
7867 12
7868 9
7869 12
7870 9
7871 12
7872 9
7873 12
7874 9
7875 12
7876 9
7877 41
7878 9
7879 12
7880 9
7881 12
7882 9
7883 9
7884 9
7885 9
7886 9
7887 9
7888 9
7889 12
7890 9
7891 12
7892 9
7893 31
7894 9
7895 31
7896 9
7897 12
7898 9
7899 31
7900 9
7901 9
7902 9
7903 31
7904 9
7905 9
7906 9
7907 9
7908 9
7909 17
7910 9
7911 9
7912 9
7913 14
7914 9
7915 12
7916 9
7917 60
7918 9
7919 12
7920 9
7921 28
7922 12
7923 12
7924 12
7925 9
7926 12
7927 9
7928 12
7929 14
7930 12
7931 9
7932 12
7933 12
7934 12
7935 9
7936 12
7937 9
7938 12
7939 28
7940 12
7941 20
7942 12
7943 20
7944 12
7945 12
7946 12
7947 20
7948 12
7949 20
7950 12
7951 28
7952 12
7953 12
7954 12
7955 12
7956 12
7957 12
7958 12
7959 12
7960 12
7961 36
7962 12
7963 36
7964 12
7965 14
7966 12
7967 12
7968 12
7969 12
7970 12
7971 12
7972 12
7973 12
7974 12
7975 12
7976 12
7977 12
7978 12
7979 12
7980 12
7981 12
7982 12
7983 12
7984 12
7985 12
7986 12
7987 12
7988 12
7989 28
7990 12
7991 28
7992 12
7993 28
7994 12
7995 74
7996 12
7997 12
7998 12
7999 14
8000 12
8001 47
8002 12
8003 12
8004 12
8005 12
8006 12
8007 12
8008 12
8009 9
8010 12
8011 12
8012 12
8013 12
8014 12
8015 14
8016 12
8017 14
8018 12
8019 14
8020 12
8021 14
8022 12
8023 23
8024 12
8025 14
8026 12
8027 17
8028 12
8029 12
8030 12
8031 12
8032 12
8033 41
8034 12
8035 12
8036 12
8037 28
8038 12
8039 12
8040 12
8041 14
8042 12
8043 28
8044 12
8045 14
8046 12
8047 28
8048 12
8049 31
8050 12
8051 28
8052 12
8053 12
8054 12
8055 22
8056 12
8057 12
8058 12
8059 12
8060 12
8061 23
8062 12
8063 12
8064 12
8065 12
8066 12
8067 14
8068 12
8069 9
8070 12
8071 12
8072 12
8073 12
8074 12
8075 17
8076 12
8077 14
8078 12
8079 12
8080 12
8081 12
8082 12
8083 12
8084 12
8085 14
8086 12
8087 9
8088 12
8089 55
8090 12
8091 14
8092 12
8093 14
8094 12
8095 22
8096 12
8097 14
8098 12
8099 28
8100 9
8101 14
8102 9
8103 14
8104 9
8105 9
8106 9
8107 12
8108 9
8109 14
8110 9
8111 12
8112 9
8113 14
8114 9
8115 9
8116 9
8117 12
8118 9
8119 12
8120 9
8121 12
8122 9
8123 28
8124 9
8125 9
8126 9
8127 12
8128 9
8129 12
8130 9
8131 22
8132 9
8133 12
8134 9
8135 12
8136 9
8137 12
8138 9
8139 17
8140 9
8141 12
8142 9
8143 12
8144 9
8145 14
8146 9
8147 12
8148 9
8149 12
8150 9
8151 17
8152 9
8153 12
8154 9
8155 12
8156 9
8157 12
8158 9
8159 28
8160 9
8161 12
8162 9
8163 47
8164 9
8165 12
8166 9
8167 12
8168 9
8169 12
8170 9
8171 36
8172 9
8173 22
8174 9
8175 12
8176 9
8177 9
8178 9
8179 12
8180 9
8181 12
8182 9
8183 12
8184 9
8185 17
8186 9
8187 12
8188 9
8189 14
8190 9
8191 12
8192 9
8193 12
8194 9
8195 12
8196 9
8197 12
8198 9
8199 14
8200 9
8201 22
8202 9
8203 9
8204 9
8205 12
8206 9
8207 12
8208 9
8209 12
8210 9
8211 12
8212 9
8213 12
8214 9
8215 14
8216 9
8217 9
8218 9
8219 12
8220 9
8221 9
8222 9
8223 9
8224 9
8225 9
8226 9
8227 9
8228 9
8229 9
8230 9
8231 12
8232 9
8233 12
8234 9
8235 12
8236 9
8237 12
8238 9
8239 12
8240 9
8241 9
8242 9
8243 9
8244 9
8245 9
8246 9
8247 9
8248 9
8249 12
8250 9
8251 9
8252 9
8253 9
8254 9
8255 12
8256 9
8257 41
8258 9
8259 41
8260 9
8261 12
8262 9
8263 9
8264 9
8265 12
8266 9
8267 12
8268 9
8269 9
8270 9
8271 9
8272 9
8273 12
8274 9
8275 9
8276 9
8277 9
8278 9
8279 9
8280 9
8281 88
8282 12
8283 12
8284 12
8285 55
8286 12
8287 12
8288 12
8289 9
8290 12
8291 12
8292 12
8293 31
8294 12
8295 9
8296 12
8297 9
8298 12
8299 14
8300 12
8301 9
8302 12
8303 12
8304 12
8305 12
8306 12
8307 12
8308 12
8309 12
8310 12
8311 31
8312 12
8313 17
8314 12
8315 12
8316 12
8317 12
8318 12
8319 12
8320 12
8321 12
8322 12
8323 41
8324 12
8325 12
8326 12
8327 12
8328 12
8329 12
8330 12
8331 12
8332 12
8333 12
8334 12
8335 12
8336 12
8337 12
8338 12
8339 12
8340 12
8341 41
8342 12
8343 17
8344 12
8345 12
8346 12
8347 12
8348 12
8349 12
8350 12
8351 12
8352 12
8353 12
8354 12
8355 12
8356 12
8357 12
8358 12
8359 12
8360 12
8361 31
8362 12
8363 12
8364 12
8365 12
8366 12
8367 12
8368 12
8369 12
8370 12
8371 22
8372 12
8373 12
8374 12
8375 12
8376 12
8377 12
8378 12
8379 22
8380 12
8381 12
8382 12
8383 12
8384 12
8385 12
8386 12
8387 12
8388 12
8389 12
8390 12
8391 77
8392 12
8393 12
8394 12
8395 22
8396 12
8397 30
8398 12
8399 12
8400 12
8401 30
8402 12
8403 12
8404 12
8405 30
8406 12
8407 12
8408 12
8409 12
8410 12
8411 12
8412 12
8413 12
8414 12
8415 12
8416 12
8417 66
8418 12
8419 12
8420 12
8421 12
8422 12
8423 12
8424 12
8425 12
8426 12
8427 55
8428 12
8429 12
8430 12
8431 12
8432 12
8433 12
8434 12
8435 31
8436 12
8437 12
8438 12
8439 12
8440 12
8441 12
8442 12
8443 12
8444 12
8445 14
8446 12
8447 12
8448 12
8449 31
8450 12
8451 31
8452 12
8453 31
8454 12
8455 31
8456 12
8457 31
8458 12
8459 12
8460 12
8461 12
8462 12
8463 12
8464 9
8465 12
8466 9
8467 12
8468 9
8469 12
8470 9
8471 12
8472 9
8473 12
8474 9
8475 12
8476 9
8477 12
8478 9
8479 12
8480 9
8481 22
8482 9
8483 17
8484 9
8485 22
8486 9
8487 12
8488 9
8489 12
8490 9
8491 12
8492 9
8493 12
8494 9
8495 12
8496 9
8497 12
8498 9
8499 12
8500 9
8501 12
8502 9
8503 12
8504 9
8505 12
8506 9
8507 47
8508 9
8509 12
8510 9
8511 12
8512 9
8513 28
8514 9
8515 12
8516 9
8517 12
8518 9
8519 12
8520 9
8521 22
8522 9
8523 12
8524 9
8525 12
8526 9
8527 12
8528 9
8529 22
8530 9
8531 12
8532 9
8533 17
8534 9
8535 12
8536 9
8537 47
8538 9
8539 12
8540 9
8541 12
8542 9
8543 12
8544 9
8545 12
8546 9
8547 12
8548 9
8549 22
8550 9
8551 12
8552 9
8553 12
8554 9
8555 28
8556 9
8557 28
8558 9
8559 12
8560 9
8561 12
8562 9
8563 12
8564 9
8565 22
8566 9
8567 17
8568 9
8569 12
8570 9
8571 12
8572 9
8573 12
8574 9
8575 47
8576 9
8577 31
8578 9
8579 47
8580 9
8581 22
8582 9
8583 12
8584 9
8585 12
8586 9
8587 12
8588 9
8589 12
8590 9
8591 47
8592 9
8593 12
8594 9
8595 47
8596 9
8597 47
8598 9
8599 12
8600 9
8601 22
8602 9
8603 22
8604 9
8605 22
8606 9
8607 22
8608 9
8609 12
8610 9
8611 17
8612 9
8613 12
8614 9
8615 12
8616 9
8617 31
8618 9
8619 47
8620 9
8621 12
8622 9
8623 12
8624 9
8625 47
8626 9
8627 22
8628 9
8629 31
8630 9
8631 28
8632 9
8633 31
8634 9
8635 31
8636 9
8637 17
8638 9
8639 12
8640 9
8641 12
8642 9
8643 12
8644 9
8645 47
8646 9
8647 12
8648 9
8649 28
8650 12
8651 12
8652 12
8653 12
8654 12
8655 12
8656 12
8657 28
8658 12
8659 12
8660 12
8661 31
8662 12
8663 12
8664 12
8665 12
8666 12
8667 12
8668 12
8669 12
8670 12
8671 55
8672 12
8673 12
8674 12
8675 12
8676 12
8677 41
8678 12
8679 12
8680 12
8681 47
8682 12
8683 41
8684 12
8685 41
8686 12
8687 12
8688 12
8689 12
8690 12
8691 69
8692 12
8693 9
8694 12
8695 9
8696 12
8697 9
8698 12
8699 9
8700 12
8701 12
8702 12
8703 12
8704 12
8705 12
8706 12
8707 12
8708 12
8709 12
8710 12
8711 12
8712 12
8713 22
8714 12
8715 22
8716 12
8717 12
8718 12
8719 22
8720 12
8721 12
8722 12
8723 9
8724 12
8725 9
8726 12
8727 9
8728 12
8729 12
8730 12
8731 28
8732 12
8733 12
8734 12
8735 22
8736 12
8737 12
8738 12
8739 12
8740 12
8741 12
8742 12
8743 12
8744 12
8745 9
8746 12
8747 9
8748 12
8749 12
8750 12
8751 9
8752 12
8753 9
8754 12
8755 31
8756 12
8757 31
8758 12
8759 28
8760 12
8761 66
8762 12
8763 28
8764 12
8765 22
8766 12
8767 9
8768 12
8769 9
8770 12
8771 12
8772 12
8773 9
8774 12
8775 22
8776 12
8777 9
8778 12
8779 28
8780 12
8781 31
8782 12
8783 9
8784 12
8785 28
8786 12
8787 9
8788 12
8789 31
8790 12
8791 28
8792 12
8793 9
8794 12
8795 28
8796 12
8797 31
8798 12
8799 9
8800 12
8801 22
8802 12
8803 12
8804 12
8805 9
8806 12
8807 31
8808 12
8809 31
8810 12
8811 47
8812 12
8813 17
8814 12
8815 31
8816 12
8817 31
8818 12
8819 9
8820 12
8821 22
8822 12
8823 31
8824 12
8825 9
8826 12
8827 22
8828 12
8829 31
8830 12
8831 12
8832 12
8833 31
8834 12
8835 28
8836 9
8837 9
8838 9
8839 22
8840 9
8841 12
8842 9
8843 12
8844 9
8845 31
8846 9
8847 12
8848 9
8849 12
8850 9
8851 12
8852 9
8853 9
8854 9
8855 9
8856 9
8857 9
8858 9
8859 9
8860 9
8861 12
8862 9
8863 12
8864 9
8865 17
8866 9
8867 17
8868 9
8869 12
8870 9
8871 12
8872 9
8873 9
8874 9
8875 9
8876 9
8877 12
8878 9
8879 9
8880 9
8881 12
8882 9
8883 22
8884 9
8885 22
8886 9
8887 36
8888 9
8889 22
8890 9
8891 12
8892 9
8893 28
8894 9
8895 22
8896 9
8897 12
8898 9
8899 9
8900 9
8901 12
8902 9
8903 9
8904 9
8905 36
8906 9
8907 17
8908 9
8909 12
8910 9
8911 28
8912 9
8913 12
8914 9
8915 12
8916 9
8917 12
8918 9
8919 12
8920 9
8921 12
8922 9
8923 22
8924 9
8925 9
8926 9
8927 41
8928 9
8929 12
8930 9
8931 9
8932 9
8933 9
8934 9
8935 9
8936 9
8937 17
8938 9
8939 12
8940 9
8941 9
8942 9
8943 9
8944 9
8945 9
8946 9
8947 9
8948 9
8949 28
8950 9
8951 9
8952 9
8953 9
8954 9
8955 22
8956 9
8957 22
8958 9
8959 9
8960 9
8961 17
8962 9
8963 9
8964 9
8965 17
8966 9
8967 9
8968 9
8969 17
8970 9
8971 17
8972 9
8973 17
8974 9
8975 22
8976 9
8977 9
8978 9
8979 9
8980 9
8981 9
8982 9
8983 9
8984 9
8985 17
8986 9
8987 28
8988 9
8989 9
8990 9
8991 9
8992 9
8993 9
8994 9
8995 74
8996 9
8997 9
8998 9
8999 9
9000 9
9001 36
9002 9
9003 9
9004 9
9005 9
9006 9
9007 9
9008 9
9009 9
9010 9
9011 9
9012 9
9013 28
9014 9
9015 9
9016 9
9017 22
9018 9
9019 9
9020 9
9021 36
9022 9
9023 9
9024 9
9025 22
9026 9
9027 9
9028 9
9029 22
9030 9
9031 9
9032 9
9033 9
9034 9
9035 9
9036 9
9037 17
9038 9
9039 12
9040 9
9041 12
9042 9
9043 9
9044 9
9045 12
9046 9
9047 22
9048 9
9049 12
9050 9
9051 12
9052 9
9053 9
9054 9
9055 22
9056 9
9057 12
9058 9
9059 9
9060 9
9061 9
9062 9
9063 9
9064 9
9065 77
9066 9
9067 9
9068 9
9069 9
9070 9
9071 9
9072 9
9073 9
9074 9
9075 22
9076 9
9077 55
9078 9
9079 22
9080 9
9081 12
9082 9
9083 28
9084 9
9085 12
9086 9
9087 22
9088 9
9089 28
9090 9
9091 39
9092 9
9093 47
9094 9
9095 22
9096 9
9097 12
9098 9
9099 12
9100 9
9101 28
9102 9
9103 9
9104 9
9105 9
9106 9
9107 9
9108 9
9109 9
9110 9
9111 12
9112 9
9113 49
9114 9
9115 12
9116 9
9117 12
9118 9
9119 12
9120 9
9121 9
9122 9
9123 49
9124 9
9125 12
9126 9
9127 12
9128 9
9129 49
9130 9
9131 9
9132 9
9133 9
9134 9
9135 17
9136 9
9137 9
9138 9
9139 30
9140 9
9141 9
9142 9
9143 12
9144 9
9145 17
9146 9
9147 12
9148 9
9149 36
9150 9
9151 12
9152 9
9153 9
9154 9
9155 12
9156 9
9157 30
9158 9
9159 9
9160 9
9161 12
9162 9
9163 9
9164 9
9165 9
9166 9
9167 36
9168 9
9169 36
9170 9
9171 22
9172 9
9173 28
9174 9
9175 36
9176 9
9177 36
9178 9
9179 9
9180 9
9181 36
9182 9
9183 9
9184 9
9185 12
9186 9
9187 36
9188 9
9189 9
9190 9
9191 9
9192 9
9193 9
9194 9
9195 22
9196 9
9197 12
9198 9
9199 36
9200 9
9201 28
9202 9
9203 28
9204 9
9205 28
9206 9
9207 28
9208 9
9209 9
9210 9
9211 9
9212 9
9213 9
9214 9
9215 9
9216 9
9217 9
9218 9
9219 9
9220 9
9221 9
9222 9
9223 12
9224 9
9225 12
9226 9
9227 12
9228 9
9229 12
9230 9
9231 12
9232 9
9233 12
9234 9
9235 36
9236 9
9237 22
9238 9
9239 9
9240 9
9241 9
9242 9
9243 9
9244 9
9245 17
9246 9
9247 9
9248 9
9249 17
9250 9
9251 17
9252 9
9253 12
9254 9
9255 17
9256 9
9257 17
9258 9
9259 12
9260 9
9261 12
9262 9
9263 9
9264 9
9265 28
9266 9
9267 9
9268 9
9269 9
9270 9
9271 12
9272 9
9273 9
9274 9
9275 12
9276 9
9277 9
9278 9
9279 12
9280 9
9281 9
9282 9
9283 11
9284 9
9285 9
9286 9
9287 11
9288 9
9289 9
9290 9
9291 12
9292 9
9293 9
9294 9
9295 9
9296 9
9297 36
9298 9
9299 9
9300 9
9301 9
9302 9
9303 39
9304 9
9305 9
9306 9
9307 9
9308 9
9309 22
9310 9
9311 12
9312 9
9313 9
9314 9
9315 9
9316 9
9317 12
9318 9
9319 55
9320 9
9321 9
9322 9
9323 9
9324 9
9325 9
9326 9
9327 9
9328 9
9329 12
9330 9
9331 22
9332 9
9333 39
9334 9
9335 28
9336 9
9337 12
9338 9
9339 9
9340 9
9341 9
9342 9
9343 9
9344 9
9345 9
9346 9
9347 9
9348 9
9349 9
9350 9
9351 12
9352 9
9353 12
9354 9
9355 28
9356 9
9357 36
9358 9
9359 12
9360 9
9361 38
9362 9
9363 12
9364 9
9365 12
9366 9
9367 9
9368 9
9369 36
9370 9
9371 28
9372 9
9373 9
9374 9
9375 9
9376 9
9377 9
9378 9
9379 12
9380 9
9381 11
9382 9
9383 11
9384 9
9385 11
9386 9
9387 12
9388 9
9389 11
9390 9
9391 12
9392 9
9393 12
9394 9
9395 9
9396 9
9397 11
9398 9
9399 9
9400 9
9401 12
9402 9
9403 9
9404 9
9405 36
9406 9
9407 12
9408 9
9409 38
9410 12
9411 12
9412 12
9413 22
9414 12
9415 12
9416 12
9417 22
9418 12
9419 9
9420 12
9421 12
9422 12
9423 9
9424 12
9425 9
9426 12
9427 12
9428 12
9429 9
9430 12
9431 12
9432 12
9433 12
9434 12
9435 12
9436 12
9437 12
9438 12
9439 12
9440 12
9441 12
9442 12
9443 12
9444 12
9445 9
9446 12
9447 17
9448 12
9449 41
9450 12
9451 9
9452 12
9453 9
9454 12
9455 9
9456 12
9457 11
9458 12
9459 9
9460 12
9461 17
9462 12
9463 9
9464 12
9465 55
9466 12
9467 9
9468 12
9469 9
9470 12
9471 9
9472 12
9473 9
9474 12
9475 9
9476 12
9477 9
9478 12
9479 9
9480 12
9481 11
9482 12
9483 11
9484 12
9485 9
9486 12
9487 12
9488 12
9489 9
9490 12
9491 58
9492 12
9493 11
9494 12
9495 11
9496 12
9497 9
9498 12
9499 9
9500 12
9501 22
9502 12
9503 9
9504 12
9505 9
9506 12
9507 36
9508 12
9509 28
9510 12
9511 9
9512 12
9513 9
9514 12
9515 9
9516 12
9517 9
9518 12
9519 9
9520 12
9521 36
9522 12
9523 9
9524 12
9525 9
9526 12
9527 47
9528 12
9529 9
9530 12
9531 68
9532 12
9533 9
9534 12
9535 17
9536 12
9537 28
9538 12
9539 36
9540 12
9541 28
9542 12
9543 28
9544 12
9545 28
9546 12
9547 30
9548 12
9549 28
9550 12
9551 11
9552 12
9553 9
9554 12
9555 9
9556 12
9557 12
9558 12
9559 9
9560 12
9561 9
9562 12
9563 36
9564 12
9565 36
9566 12
9567 36
9568 12
9569 28
9570 12
9571 36
9572 12
9573 36
9574 12
9575 36
9576 12
9577 28
9578 12
9579 69
9580 12
9581 11
9582 12
9583 9
9584 12
9585 9
9586 12
9587 9
9588 12
9589 36
9590 12
9591 68
9592 12
9593 68
9594 12
9595 12
9596 12
9597 28
9598 12
9599 22
9600 12
9601 47
9602 12
9603 28
9604 9
9605 12
9606 9
9607 36
9608 9
9609 12
9610 9
9611 28
9612 9
9613 22
9614 9
9615 12
9616 9
9617 30
9618 9
9619 36
9620 9
9621 17
9622 9
9623 17
9624 9
9625 17
9626 9
9627 9
9628 9
9629 9
9630 9
9631 28
9632 9
9633 9
9634 9
9635 9
9636 9
9637 36
9638 9
9639 22
9640 9
9641 9
9642 9
9643 9
9644 9
9645 28
9646 9
9647 9
9648 9
9649 9
9650 9
9651 17
9652 9
9653 9
9654 9
9655 9
9656 9
9657 12
9658 9
9659 9
9660 9
9661 28
9662 9
9663 9
9664 9
9665 28
9666 9
9667 9
9668 9
9669 17
9670 9
9671 9
9672 9
9673 11
9674 9
9675 9
9676 9
9677 17
9678 9
9679 9
9680 9
9681 9
9682 9
9683 9
9684 9
9685 9
9686 9
9687 30
9688 9
9689 9
9690 9
9691 28
9692 9
9693 9
9694 9
9695 9
9696 9
9697 9
9698 9
9699 9
9700 9
9701 9
9702 9
9703 9
9704 9
9705 28
9706 9
9707 22
9708 9
9709 22
9710 9
9711 9
9712 9
9713 9
9714 9
9715 9
9716 9
9717 36
9718 9
9719 28
9720 9
9721 28
9722 9
9723 28
9724 9
9725 28
9726 9
9727 28
9728 9
9729 28
9730 9
9731 28
9732 9
9733 28
9734 9
9735 9
9736 9
9737 9
9738 9
9739 9
9740 9
9741 9
9742 9
9743 9
9744 9
9745 9
9746 9
9747 28
9748 9
9749 58
9750 9
9751 28
9752 9
9753 17
9754 9
9755 9
9756 9
9757 9
9758 9
9759 9
9760 9
9761 12
9762 9
9763 28
9764 9
9765 22
9766 9
9767 9
9768 9
9769 9
9770 9
9771 11
9772 9
9773 28
9774 9
9775 9
9776 9
9777 36
9778 9
9779 30
9780 9
9781 9
9782 9
9783 36
9784 9
9785 28
9786 9
9787 9
9788 9
9789 36
9790 9
9791 9
9792 9
9793 36
9794 9
9795 9
9796 9
9797 30
9798 9
9799 9
9800 9
9801 28
9802 12
9803 12
9804 12
9805 9
9806 12
9807 12
9808 12
9809 28
9810 12
9811 12
9812 12
9813 28
9814 12
9815 9
9816 12
9817 28
9818 12
9819 12
9820 12
9821 9
9822 12
9823 28
9824 12
9825 9
9826 12
9827 9
9828 12
9829 12
9830 12
9831 9
9832 12
9833 9
9834 12
9835 9
9836 12
9837 28
9838 12
9839 9
9840 12
9841 22
9842 12
9843 9
9844 12
9845 9
9846 12
9847 9
9848 12
9849 9
9850 12
9851 11
9852 12
9853 22
9854 12
9855 12
9856 12
9857 9
9858 12
9859 9
9860 12
9861 9
9862 12
9863 9
9864 12
9865 9
9866 12
9867 9
9868 12
9869 9
9870 12
9871 9
9872 12
9873 9
9874 12
9875 9
9876 12
9877 9
9878 12
9879 9
9880 12
9881 38
9882 12
9883 12
9884 12
9885 17
9886 12
9887 9
9888 12
9889 9
9890 12
9891 9
9892 12
9893 58
9894 12
9895 36
9896 12
9897 9
9898 12
9899 9
9900 12
9901 9
9902 12
9903 17
9904 12
9905 9
9906 12
9907 12
9908 12
9909 12
9910 12
9911 28
9912 12
9913 12
9914 12
9915 9
9916 12
9917 30
9918 12
9919 12
9920 12
9921 17
9922 12
9923 9
9924 12
9925 9
9926 12
9927 9
9928 12
9929 9
9930 12
9931 11
9932 12
9933 9
9934 12
9935 9
9936 12
9937 12
9938 12
9939 17
9940 12
9941 28
9942 12
9943 12
9944 12
9945 9
9946 12
9947 9
9948 12
9949 30
9950 12
9951 28
9952 12
9953 9
9954 12
9955 36
9956 12
9957 9
9958 12
9959 9
9960 12
9961 9
9962 12
9963 17
9964 12
9965 9
9966 12
9967 9
9968 12
9969 9
9970 12
9971 17
9972 12
9973 9
9974 12
9975 9
9976 12
9977 9
9978 12
9979 9
9980 12
9981 17
9982 12
9983 36
9984 12
9985 9
9986 12
9987 9
9988 12
9989 9
9990 12
9991 9
9992 12
9993 9
9994 12
9995 9
9996 12
9997 9
9998 12
9999 9
10000 9
10001 9
10002 9
10003 9
10004 9
10005 9
10006 9
10007 9
10008 9
10009 9
10010 9
10011 9
10012 9
10013 9
10014 9
10015 9
10016 9
10017 9
10018 9
10019 9
10020 9
10021 17
10022 9
10023 11
10024 9
10025 9
10026 9
10027 9
10028 9
10029 17
10030 9
10031 17
10032 9
10033 9
10034 9
10035 9
10036 9
10037 17
10038 9
10039 36
10040 9
10041 17
10042 9
10043 17
10044 9
10045 9
10046 9
10047 17
10048 9
10049 17
10050 9
10051 17
10052 9
10053 17
10054 9
10055 9
10056 9
10057 9
10058 9
10059 49
10060 9
10061 17
10062 9
10063 9
10064 9
10065 9
10066 9
10067 9
10068 9
10069 30
10070 9
10071 9
10072 9
10073 17
10074 9
10075 22
10076 9
10077 9
10078 9
10079 22
10080 9
10081 9
10082 9
10083 9
10084 9
10085 36
10086 9
10087 9
10088 9
10089 17
10090 9
10091 22
10092 9
10093 9
10094 9
10095 9
10096 9
10097 9
10098 9
10099 17
10100 9
10101 17
10102 9
10103 17
10104 9
10105 9
10106 9
10107 9
10108 9
10109 9
10110 9
10111 9
10112 9
10113 11
10114 9
10115 9
10116 9
10117 9
10118 9
10119 9
10120 9
10121 9
10122 9
10123 9
10124 9
10125 9
10126 9
10127 9
10128 9
10129 9
10130 9
10131 9
10132 9
10133 9
10134 9
10135 9
10136 9
10137 9
10138 9
10139 9
10140 9
10141 9
10142 9
10143 9
10144 9
10145 9
10146 9
10147 38
10148 9
10149 22
10150 9
10151 49
10152 9
10153 17
10154 9
10155 9
10156 9
10157 38
10158 9
10159 38
10160 9
10161 9
10162 9
10163 17
10164 9
10165 36
10166 9
10167 9
10168 9
10169 9
10170 9
10171 22
10172 9
10173 47
10174 9
10175 17
10176 9
10177 17
10178 9
10179 17
10180 9
10181 17
10182 9
10183 17
10184 9
10185 17
10186 9
10187 17
10188 9
10189 17
10190 9
10191 9
10192 9
10193 30
10194 9
10195 9
10196 9
10197 36
10198 9
10199 9
10200 9
10201 22
10202 9
10203 9
10204 9
10205 30
10206 9
10207 9
10208 9
10209 11
10210 9
10211 9
10212 9
10213 11
10214 9
10215 9
10216 9
10217 30
10218 9
10219 9
10220 9
10221 9
10222 9
10223 11
10224 9
10225 17
10226 9
10227 9
10228 9
10229 17
10230 9
10231 11
10232 9
10233 9
10234 9
10235 9
10236 9
10237 17
10238 9
10239 9
10240 9
10241 9
10242 9
10243 9
10244 9
10245 9
10246 9
10247 17
10248 9
10249 12
10250 9
10251 12
10252 9
10253 20
10254 9
10255 9
10256 9
10257 9
10258 9
10259 9
10260 9
10261 9
10262 9
10263 9
10264 9
10265 9
10266 9
10267 9
10268 9
10269 9
10270 9
10271 9
10272 9
10273 9
10274 9
10275 9
10276 9
10277 9
10278 9
10279 9
10280 9
10281 9
10282 9
10283 9
10284 9
10285 9
10286 9
10287 17
10288 9
10289 49
10290 9
10291 9
10292 9
10293 9
10294 9
10295 9
10296 9
10297 17
10298 9
10299 9
10300 9
10301 9
10302 9
10303 9
10304 9
10305 20
10306 9
10307 12
10308 9
10309 9
10310 9
10311 9
10312 9
10313 9
10314 9
10315 9
10316 9
10317 9
10318 9
10319 17
10320 9
10321 9
10322 9
10323 36
10324 9
10325 11
10326 9
10327 9
10328 9
10329 11
10330 9
10331 9
10332 9
10333 20
10334 9
10335 11
10336 9
10337 17
10338 9
10339 11
10340 9
10341 28
10342 9
10343 11
10344 9
10345 11
10346 9
10347 11
10348 9
10349 9
10350 9
10351 28
10352 9
10353 9
10354 9
10355 11
10356 9
10357 22
10358 9
10359 9
10360 9
10361 17
10362 9
10363 36
10364 9
10365 11
10366 9
10367 11
10368 9
10369 38
10370 9
10371 17
10372 9
10373 11
10374 9
10375 11
10376 9
10377 12
10378 9
10379 17
10380 9
10381 9
10382 9
10383 9
10384 9
10385 9
10386 9
10387 9
10388 9
10389 17
10390 9
10391 11
10392 9
10393 17
10394 9
10395 58
10396 9
10397 11
10398 9
10399 17
10400 9
10401 19
10402 9
10403 19
10404 9
10405 11
10406 9
10407 17
10408 9
10409 17
10410 9
10411 17
10412 9
10413 17
10414 9
10415 11
10416 9
10417 30
10418 9
10419 20
10420 9
10421 11
10422 9
10423 11
10424 9
10425 11
10426 9
10427 11
10428 9
10429 17
10430 9
10431 9
10432 9
10433 9
10434 9
10435 9
10436 9
10437 17
10438 9
10439 9
10440 9
10441 9
10442 9
10443 9
10444 9
10445 17
10446 9
10447 17
10448 9
10449 9
10450 9
10451 20
10452 9
10453 9
10454 9
10455 9
10456 9
10457 17
10458 9
10459 9
10460 9
10461 9
10462 9
10463 9
10464 9
10465 9
10466 9
10467 17
10468 9
10469 9
10470 9
10471 20
10472 9
10473 17
10474 9
10475 12
10476 9
10477 17
10478 9
10479 36
10480 9
10481 17
10482 9
10483 9
10484 9
10485 17
10486 9
10487 9
10488 9
10489 11
10490 9
10491 9
10492 9
10493 9
10494 9
10495 12
10496 9
10497 17
10498 9
10499 17
10500 9
10501 9
10502 9
10503 17
10504 9
10505 17
10506 9
10507 9
10508 9
10509 36
10510 9
10511 9
10512 9
10513 9
10514 9
10515 9
10516 9
10517 39
10518 9
10519 17
10520 9
10521 17
10522 9
10523 9
10524 9
10525 17
10526 9
10527 17
10528 9
10529 17
10530 9
10531 17
10532 9
10533 17
10534 9
10535 17
10536 9
10537 20
10538 9
10539 17
10540 9
10541 17
10542 9
10543 39
10544 9
10545 17
10546 9
10547 9
10548 9
10549 9
10550 9
10551 17
10552 9
10553 17
10554 9
10555 17
10556 9
10557 17
10558 9
10559 31
10560 9
10561 20
10562 9
10563 20
10564 9
10565 9
10566 9
10567 9
10568 9
10569 9
10570 9
10571 17
10572 9
10573 17
10574 9
10575 9
10576 9
10577 9
10578 9
10579 17
10580 9
10581 39
10582 9
10583 17
10584 9
10585 11
10586 9
10587 17
10588 9
10589 17
10590 9
10591 17
10592 9
10593 17
10594 9
10595 9
10596 9
10597 17
10598 9
10599 9
10600 9
10601 17
10602 9
10603 9
10604 9
10605 19
10606 9
10607 17
10608 9
10609 20
10610 17
10611 17
10612 17
10613 17
10614 17
10615 17
10616 17
10617 17
10618 17
10619 9
10620 17
10621 17
10622 17
10623 9
10624 17
10625 19
10626 17
10627 17
10628 17
10629 9
10630 17
10631 9
10632 17
10633 19
10634 17
10635 9
10636 17
10637 17
10638 17
10639 19
10640 17
10641 9
10642 17
10643 9
10644 17
10645 9
10646 17
10647 19
10648 17
10649 9
10650 17
10651 9
10652 17
10653 9
10654 17
10655 17
10656 17
10657 11
10658 17
10659 9
10660 17
10661 11
10662 17
10663 11
10664 17
10665 11
10666 17
10667 11
10668 17
10669 11
10670 17
10671 11
10672 17
10673 9
10674 17
10675 19
10676 17
10677 17
10678 17
10679 19
10680 17
10681 11
10682 17
10683 17
10684 17
10685 9
10686 17
10687 9
10688 17
10689 9
10690 17
10691 9
10692 17
10693 9
10694 17
10695 9
10696 17
10697 9
10698 17
10699 9
10700 17
10701 11
10702 17
10703 9
10704 17
10705 9
10706 17
10707 9
10708 17
10709 19
10710 17
10711 11
10712 17
10713 11
10714 17
10715 11
10716 17
10717 9
10718 17
10719 11
10720 17
10721 11
10722 17
10723 9
10724 17
10725 19
10726 17
10727 9
10728 17
10729 11
10730 17
10731 9
10732 17
10733 9
10734 17
10735 19
10736 17
10737 9
10738 17
10739 17
10740 17
10741 19
10742 17
10743 11
10744 17
10745 19
10746 17
10747 11
10748 17
10749 19
10750 17
10751 19
10752 17
10753 19
10754 17
10755 19
10756 17
10757 9
10758 17
10759 11
10760 17
10761 9
10762 17
10763 9
10764 17
10765 19
10766 17
10767 9
10768 17
10769 19
10770 17
10771 11
10772 17
10773 11
10774 17
10775 11
10776 17
10777 50
10778 17
10779 11
10780 17
10781 9
10782 17
10783 36
10784 17
10785 11
10786 17
10787 11
10788 17
10789 9
10790 17
10791 9
10792 17
10793 19
10794 17
10795 19
10796 17
10797 28
10798 17
10799 11
10800 17
10801 11
10802 17
10803 11
10804 17
10805 11
10806 17
10807 11
10808 17
10809 9
10810 17
10811 9
10812 17
10813 9
10814 17
10815 9
10816 9
10817 9
10818 9
10819 9
10820 9
10821 9
10822 9
10823 39
10824 9
10825 39
10826 9
10827 39
10828 9
10829 39
10830 9
10831 39
10832 9
10833 49
10834 9
10835 28
10836 9
10837 17
10838 9
10839 39
10840 9
10841 9
10842 9
10843 9
10844 9
10845 39
10846 9
10847 17
10848 9
10849 9
10850 9
10851 11
10852 9
10853 11
10854 9
10855 9
10856 9
10857 11
10858 9
10859 11
10860 9
10861 17
10862 9
10863 11
10864 9
10865 9
10866 9
10867 11
10868 9
10869 9
10870 9
10871 9
10872 9
10873 58
10874 9
10875 9
10876 9
10877 11
10878 9
10879 28
10880 9
10881 47
10882 9
10883 28
10884 9
10885 9
10886 9
10887 28
10888 9
10889 19
10890 9
10891 9
10892 9
10893 74
10894 9
10895 9
10896 9
10897 11
10898 9
10899 9
10900 9
10901 9
10902 9
10903 9
10904 9
10905 17
10906 9
10907 19
10908 9
10909 17
10910 9
10911 17
10912 9
10913 9
10914 9
10915 17
10916 9
10917 9
10918 9
10919 9
10920 9
10921 11
10922 9
10923 9
10924 9
10925 9
10926 9
10927 9
10928 9
10929 9
10930 9
10931 17
10932 9
10933 9
10934 9
10935 11
10936 9
10937 11
10938 9
10939 11
10940 9
10941 11
10942 9
10943 11
10944 9
10945 19
10946 9
10947 17
10948 9
10949 17
10950 9
10951 17
10952 9
10953 17
10954 9
10955 11
10956 9
10957 11
10958 9
10959 11
10960 9
10961 39
10962 9
10963 28
10964 9
10965 11
10966 9
10967 11
10968 9
10969 11
10970 9
10971 11
10972 9
10973 9
10974 9
10975 9
10976 9
10977 20
10978 9
10979 17
10980 9
10981 11
10982 9
10983 9
10984 9
10985 11
10986 9
10987 17
10988 9
10989 17
10990 9
10991 11
10992 9
10993 11
10994 9
10995 28
10996 9
10997 11
10998 9
10999 9
11000 9
11001 11
11002 9
11003 17
11004 9
11005 9
11006 9
11007 19
11008 9
11009 17
11010 9
11011 9
11012 9
11013 17
11014 9
11015 17
11016 9
11017 20
11018 9
11019 17
11020 9
11021 11
11022 9
11023 17
11024 9
11025 17
11026 17
11027 9
11028 17
11029 17
11030 17
11031 9
11032 17
11033 17
11034 17
11035 9
11036 17
11037 19
11038 17
11039 9
11040 17
11041 11
11042 17
11043 19
11044 17
11045 9
11046 17
11047 19
11048 17
11049 9
11050 17
11051 9
11052 17
11053 17
11054 17
11055 9
11056 17
11057 9
11058 17
11059 9
11060 17
11061 20
11062 17
11063 9
11064 17
11065 9
11066 17
11067 20
11068 17
11069 9
11070 17
11071 17
11072 17
11073 17
11074 17
11075 20
11076 17
11077 20
11078 17
11079 20
11080 17
11081 9
11082 17
11083 9
11084 17
11085 20
11086 17
11087 17
11088 17
11089 17
11090 17
11091 31
11092 17
11093 19
11094 17
11095 36
11096 17
11097 31
11098 17
11099 9
11100 17
11101 17
11102 17
11103 9
11104 17
11105 20
11106 17
11107 17
11108 17
11109 9
11110 17
11111 9
11112 17
11113 9
11114 17
11115 9
11116 17
11117 31
11118 17
11119 9
11120 17
11121 77
11122 17
11123 9
11124 17
11125 9
11126 17
11127 11
11128 17
11129 39
11130 17
11131 9
11132 17
11133 9
11134 17
11135 11
11136 17
11137 36
11138 17
11139 9
11140 17
11141 9
11142 17
11143 39
11144 17
11145 9
11146 17
11147 36
11148 17
11149 17
11150 17
11151 17
11152 17
11153 11
11154 17
11155 17
11156 17
11157 11
11158 17
11159 11
11160 17
11161 17
11162 17
11163 39
11164 17
11165 9
11166 17
11167 17
11168 17
11169 9
11170 17
11171 19
11172 17
11173 76
11174 17
11175 9
11176 17
11177 41
11178 17
11179 11
11180 17
11181 17
11182 17
11183 11
11184 17
11185 11
11186 17
11187 17
11188 17
11189 11
11190 17
11191 9
11192 17
11193 36
11194 17
11195 9
11196 17
11197 9
11198 17
11199 39
11200 17
11201 11
11202 17
11203 9
11204 17
11205 28
11206 17
11207 17
11208 17
11209 36
11210 17
11211 28
11212 17
11213 28
11214 17
11215 28
11216 17
11217 28
11218 17
11219 11
11220 17
11221 28
11222 17
11223 28
11224 17
11225 36
11226 17
11227 19
11228 17
11229 101
11230 17
11231 11
11232 17
11233 19
11234 17
11235 17
11236 9
11237 11
11238 9
11239 87
11240 9
11241 11
11242 9
11243 28
11244 9
11245 28
11246 9
11247 39
11248 9
11249 20
11250 9
11251 19
11252 9
11253 11
11254 9
11255 11
11256 9
11257 11
11258 9
11259 17
11260 9
11261 20
11262 9
11263 9
11264 9
11265 17
11266 9
11267 17
11268 9
11269 17
11270 9
11271 17
11272 9
11273 9
11274 9
11275 11
11276 9
11277 11
11278 9
11279 28
11280 9
11281 11
11282 9
11283 11
11284 9
11285 63
11286 9
11287 9
11288 9
11289 9
11290 9
11291 17
11292 9
11293 9
11294 9
11295 17
11296 9
11297 9
11298 9
11299 47
11300 9
11301 17
11302 9
11303 11
11304 9
11305 28
11306 9
11307 11
11308 9
11309 9
11310 9
11311 11
11312 9
11313 17
11314 9
11315 9
11316 9
11317 17
11318 9
11319 87
11320 9
11321 17
11322 9
11323 9
11324 9
11325 17
11326 9
11327 17
11328 9
11329 9
11330 9
11331 11
11332 9
11333 11
11334 9
11335 9
11336 9
11337 41
11338 9
11339 11
11340 9
11341 17
11342 9
11343 17
11344 9
11345 17
11346 9
11347 17
11348 9
11349 17
11350 9
11351 39
11352 9
11353 17
11354 9
11355 17
11356 9
11357 11
11358 9
11359 11
11360 9
11361 11
11362 9
11363 17
11364 9
11365 17
11366 9
11367 17
11368 9
11369 20
11370 9
11371 17
11372 9
11373 20
11374 9
11375 17
11376 9
11377 17
11378 9
11379 17
11380 9
11381 17
11382 9
11383 17
11384 9
11385 17
11386 9
11387 17
11388 9
11389 44
11390 9
11391 17
11392 9
11393 20
11394 9
11395 11
11396 9
11397 17
11398 9
11399 17
11400 9
11401 17
11402 9
11403 17
11404 9
11405 17
11406 9
11407 17
11408 9
11409 17
11410 9
11411 17
11412 9
11413 17
11414 9
11415 11
11416 9
11417 11
11418 9
11419 28
11420 9
11421 17
11422 9
11423 11
11424 9
11425 17
11426 9
11427 17
11428 9
11429 17
11430 9
11431 17
11432 9
11433 39
11434 9
11435 17
11436 9
11437 30
11438 9
11439 11
11440 9
11441 17
11442 9
11443 11
11444 9
11445 17
11446 9
11447 11
11448 9
11449 41
11450 11
11451 11
11452 11
11453 17
11454 11
11455 17
11456 11
11457 17
11458 11
11459 17
11460 11
11461 17
11462 11
11463 17
11464 11
11465 9
11466 11
11467 28
11468 11
11469 11
11470 11
11471 9
11472 11
11473 19
11474 11
11475 11
11476 11
11477 28
11478 11
11479 63
11480 11
11481 17
11482 11
11483 17
11484 11
11485 9
11486 11
11487 17
11488 11
11489 17
11490 11
11491 17
11492 11
11493 19
11494 11
11495 9
11496 11
11497 30
11498 11
11499 11
11500 11
11501 11
11502 11
11503 11
11504 11
11505 28
11506 11
11507 9
11508 11
11509 17
11510 11
11511 9
11512 11
11513 28
11514 11
11515 31
11516 11
11517 28
11518 11
11519 28
11520 11
11521 17
11522 11
11523 9
11524 11
11525 31
11526 11
11527 41
11528 11
11529 9
11530 11
11531 17
11532 11
11533 17
11534 11
11535 28
11536 11
11537 28
11538 11
11539 28
11540 11
11541 28
11542 11
11543 28
11544 11
11545 28
11546 11
11547 17
11548 11
11549 9
11550 11
11551 11
11552 11
11553 11
11554 11
11555 41
11556 11
11557 17
11558 11
11559 11
11560 11
11561 11
11562 11
11563 30
11564 11
11565 17
11566 11
11567 17
11568 11
11569 77
11570 11
11571 17
11572 11
11573 17
11574 11
11575 77
11576 11
11577 11
11578 11
11579 17
11580 11
11581 17
11582 11
11583 11
11584 11
11585 77
11586 11
11587 11
11588 11
11589 17
11590 11
11591 17
11592 11
11593 17
11594 11
11595 17
11596 11
11597 17
11598 11
11599 17
11600 11
11601 77
11602 11
11603 17
11604 11
11605 11
11606 11
11607 77
11608 11
11609 11
11610 11
11611 17
11612 11
11613 17
11614 11
11615 11
11616 11
11617 77
11618 11
11619 20
11620 11
11621 77
11622 11
11623 17
11624 11
11625 17
11626 11
11627 77
11628 11
11629 77
11630 11
11631 17
11632 11
11633 77
11634 11
11635 11
11636 11
11637 11
11638 11
11639 11
11640 11
11641 17
11642 11
11643 17
11644 11
11645 77
11646 11
11647 20
11648 11
11649 77
11650 11
11651 77
11652 11
11653 77
11654 11
11655 77
11656 11
11657 77
11658 11
11659 11
11660 11
11661 11
11662 11
11663 11
11664 9
11665 11
11666 9
11667 11
11668 9
11669 11
11670 9
11671 11
11672 9
11673 44
11674 9
11675 44
11676 9
11677 44
11678 9
11679 44
11680 9
11681 68
11682 9
11683 9
11684 9
11685 11
11686 9
11687 11
11688 9
11689 11
11690 9
11691 11
11692 9
11693 11
11694 9
11695 30
11696 9
11697 28
11698 9
11699 11
11700 9
11701 17
11702 9
11703 9
11704 9
11705 17
11706 9
11707 17
11708 9
11709 17
11710 9
11711 28
11712 9
11713 17
11714 9
11715 9
11716 9
11717 11
11718 9
11719 11
11720 9
11721 9
11722 9
11723 11
11724 9
11725 11
11726 9
11727 17
11728 9
11729 9
11730 9
11731 9
11732 9
11733 9
11734 9
11735 9
11736 9
11737 9
11738 9
11739 36
11740 9
11741 9
11742 9
11743 17
11744 9
11745 11
11746 9
11747 44
11748 9
11749 11
11750 9
11751 11
11752 9
11753 9
11754 9
11755 11
11756 9
11757 123
11758 9
11759 17
11760 9
11761 17
11762 9
11763 17
11764 9
11765 17
11766 9
11767 17
11768 9
11769 17
11770 9
11771 20
11772 9
11773 17
11774 9
11775 11
11776 9
11777 11
11778 9
11779 9
11780 9
11781 17
11782 9
11783 39
11784 9
11785 17
11786 9
11787 17
11788 9
11789 17
11790 9
11791 17
11792 9
11793 36
11794 9
11795 58
11796 9
11797 20
11798 9
11799 11
11800 9
11801 20
11802 9
11803 11
11804 9
11805 11
11806 9
11807 11
11808 9
11809 11
11810 9
11811 11
11812 9
11813 17
11814 9
11815 20
11816 9
11817 17
11818 9
11819 11
11820 9
11821 11
11822 9
11823 20
11824 9
11825 20
11826 9
11827 11
11828 9
11829 11
11830 9
11831 11
11832 9
11833 11
11834 9
11835 17
11836 9
11837 17
11838 9
11839 11
11840 9
11841 20
11842 9
11843 20
11844 9
11845 17
11846 9
11847 17
11848 9
11849 20
11850 9
11851 17
11852 9
11853 20
11854 9
11855 11
11856 9
11857 11
11858 9
11859 58
11860 9
11861 11
11862 9
11863 39
11864 9
11865 20
11866 9
11867 11
11868 9
11869 28
11870 9
11871 17
11872 9
11873 30
11874 9
11875 17
11876 9
11877 17
11878 9
11879 17
11880 9
11881 11
11882 17
11883 11
11884 17
11885 20
11886 17
11887 11
11888 17
11889 28
11890 17
11891 11
11892 17
11893 17
11894 17
11895 11
11896 17
11897 20
11898 17
11899 12
11900 17
11901 12
11902 17
11903 20
11904 17
11905 12
11906 17
11907 12
11908 17
11909 11
11910 17
11911 17
11912 17
11913 11
11914 17
11915 20
11916 17
11917 12
11918 17
11919 11
11920 17
11921 11
11922 17
11923 20
11924 17
11925 74
11926 17
11927 17
11928 17
11929 20
11930 17
11931 20
11932 17
11933 20
11934 17
11935 20
11936 17
11937 30
11938 17
11939 30
11940 17
11941 17
11942 17
11943 11
11944 17
11945 17
11946 17
11947 11
11948 17
11949 11
11950 17
11951 12
11952 17
11953 12
11954 17
11955 12
11956 17
11957 12
11958 17
11959 12
11960 17
11961 12
11962 17
11963 20
11964 17
11965 12
11966 17
11967 36
11968 17
11969 36
11970 17
11971 20
11972 17
11973 11
11974 17
11975 11
11976 17
11977 11
11978 17
11979 12
11980 17
11981 12
11982 17
11983 12
11984 17
11985 12
11986 17
11987 12
11988 17
11989 12
11990 17
11991 58
11992 17
11993 11
11994 17
11995 11
11996 17
11997 17
11998 17
11999 17
12000 17
12001 11
12002 17
12003 11
12004 17
12005 17
12006 17
12007 20
12008 17
12009 17
12010 17
12011 20
12012 17
12013 20
12014 17
12015 19
12016 17
12017 20
12018 17
12019 39
12020 17
12021 11
12022 17
12023 36
12024 17
12025 11
12026 17
12027 17
12028 17
12029 11
12030 17
12031 17
12032 17
12033 11
12034 17
12035 17
12036 17
12037 11
12038 17
12039 17
12040 17
12041 11
12042 17
12043 11
12044 17
12045 20
12046 17
12047 11
12048 17
12049 36
12050 17
12051 17
12052 17
12053 11
12054 17
12055 17
12056 17
12057 17
12058 17
12059 11
12060 17
12061 11
12062 17
12063 17
12064 17
12065 17
12066 17
12067 17
12068 17
12069 17
12070 17
12071 17
12072 17
12073 17
12074 17
12075 20
12076 17
12077 11
12078 17
12079 11
12080 17
12081 11
12082 17
12083 31
12084 17
12085 31
12086 17
12087 11
12088 17
12089 17
12090 17
12091 19
12092 17
12093 17
12094 17
12095 17
12096 17
12097 76
12098 17
12099 19
12100 9
12101 20
12102 9
12103 49
12104 9
12105 12
12106 9
12107 74
12108 9
12109 19
12110 9
12111 19
12112 9
12113 20
12114 9
12115 12
12116 9
12117 12
12118 9
12119 82
12120 9
12121 82
12122 9
12123 82
12124 9
12125 31
12126 9
12127 12
12128 9
12129 19
12130 9
12131 82
12132 9
12133 9
12134 9
12135 19
12136 9
12137 20
12138 9
12139 9
12140 9
12141 9
12142 9
12143 12
12144 9
12145 17
12146 9
12147 11
12148 9
12149 12
12150 9
12151 12
12152 9
12153 11
12154 9
12155 20
12156 9
12157 11
12158 9
12159 11
12160 9
12161 44
12162 9
12163 9
12164 9
12165 19
12166 9
12167 9
12168 9
12169 36
12170 9
12171 9
12172 9
12173 103
12174 9
12175 17
12176 9
12177 12
12178 9
12179 17
12180 9
12181 17
12182 9
12183 17
12184 9
12185 12
12186 9
12187 17
12188 9
12189 36
12190 9
12191 19
12192 9
12193 9
12194 9
12195 12
12196 9
12197 17
12198 9
12199 9
12200 9
12201 36
12202 9
12203 19
12204 9
12205 20
12206 9
12207 17
12208 9
12209 11
12210 9
12211 20
12212 9
12213 20
12214 9
12215 20
12216 9
12217 17
12218 9
12219 19
12220 9
12221 9
12222 9
12223 9
12224 9
12225 9
12226 9
12227 17
12228 9
12229 39
12230 9
12231 44
12232 9
12233 17
12234 9
12235 20
12236 9
12237 22
12238 9
12239 22
12240 9
12241 22
12242 9
12243 22
12244 9
12245 9
12246 9
12247 9
12248 9
12249 9
12250 9
12251 9
12252 9
12253 9
12254 9
12255 9
12256 9
12257 9
12258 9
12259 20
12260 9
12261 20
12262 9
12263 17
12264 9
12265 30
12266 9
12267 17
12268 9
12269 20
12270 9
12271 20
12272 9
12273 9
12274 9
12275 17
12276 9
12277 19
12278 9
12279 17
12280 9
12281 9
12282 9
12283 9
12284 9
12285 17
12286 9
12287 22
12288 9
12289 17
12290 9
12291 17
12292 9
12293 17
12294 9
12295 17
12296 9
12297 17
12298 9
12299 19
12300 9
12301 9
12302 9
12303 17
12304 9
12305 31
12306 9
12307 9
12308 9
12309 31
12310 9
12311 9
12312 9
12313 17
12314 9
12315 17
12316 9
12317 57
12318 9
12319 17
12320 9
12321 17
12322 17
12323 17
12324 17
12325 31
12326 17
12327 17
12328 17
12329 31
12330 17
12331 9
12332 17
12333 20
12334 17
12335 9
12336 17
12337 12
12338 17
12339 12
12340 17
12341 9
12342 17
12343 12
12344 17
12345 28
12346 17
12347 28
12348 17
12349 28
12350 17
12351 30
12352 17
12353 28
12354 17
12355 12
12356 17
12357 17
12358 17
12359 9
12360 17
12361 9
12362 17
12363 36
12364 17
12365 19
12366 17
12367 12
12368 17
12369 9
12370 17
12371 12
12372 17
12373 12
12374 17
12375 31
12376 17
12377 12
12378 17
12379 17
12380 17
12381 30
12382 17
12383 12
12384 17
12385 9
12386 17
12387 9
12388 17
12389 9
12390 17
12391 9
12392 17
12393 9
12394 17
12395 9
12396 17
12397 9
12398 17
12399 12
12400 17
12401 12
12402 17
12403 12
12404 17
12405 12
12406 17
12407 12
12408 17
12409 30
12410 17
12411 20
12412 17
12413 12
12414 17
12415 30
12416 17
12417 9
12418 17
12419 9
12420 17
12421 9
12422 17
12423 12
12424 17
12425 12
12426 17
12427 55
12428 17
12429 17
12430 17
12431 17
12432 17
12433 74
12434 17
12435 19
12436 17
12437 17
12438 17
12439 17
12440 17
12441 28
12442 17
12443 9
12444 17
12445 9
12446 17
12447 19
12448 17
12449 9
12450 17
12451 9
12452 17
12453 19
12454 17
12455 9
12456 17
12457 20
12458 17
12459 19
12460 17
12461 20
12462 17
12463 17
12464 17
12465 19
12466 17
12467 19
12468 17
12469 19
12470 17
12471 20
12472 17
12473 9
12474 17
12475 49
12476 17
12477 19
12478 17
12479 9
12480 17
12481 17
12482 17
12483 9
12484 17
12485 25
12486 17
12487 55
12488 17
12489 55
12490 17
12491 17
12492 17
12493 55
12494 17
12495 55
12496 17
12497 19
12498 17
12499 9
12500 17
12501 9
12502 17
12503 20
12504 17
12505 19
12506 17
12507 9
12508 17
12509 9
12510 17
12511 30
12512 17
12513 25
12514 17
12515 20
12516 17
12517 20
12518 17
12519 20
12520 17
12521 17
12522 17
12523 17
12524 17
12525 19
12526 17
12527 9
12528 17
12529 9
12530 17
12531 9
12532 17
12533 9
12534 17
12535 9
12536 17
12537 9
12538 17
12539 9
12540 17
12541 19
12542 17
12543 19
12544 9
12545 19
12546 9
12547 19
12548 9
12549 19
12550 9
12551 19
12552 9
12553 19
12554 9
12555 9
12556 9
12557 9
12558 9
12559 9
12560 9
12561 9
12562 9
12563 17
12564 9
12565 20
12566 9
12567 17
12568 9
12569 17
12570 9
12571 17
12572 9
12573 17
12574 9
12575 25
12576 9
12577 12
12578 9
12579 17
12580 9
12581 17
12582 9
12583 12
12584 9
12585 20
12586 9
12587 9
12588 9
12589 9
12590 9
12591 17
12592 9
12593 9
12594 9
12595 9
12596 9
12597 17
12598 9
12599 12
12600 9
12601 12
12602 9
12603 17
12604 9
12605 12
12606 9
12607 25
12608 9
12609 12
12610 9
12611 12
12612 9
12613 12
12614 9
12615 9
12616 9
12617 12
12618 9
12619 9
12620 9
12621 20
12622 9
12623 9
12624 9
12625 12
12626 9
12627 17
12628 9
12629 12
12630 9
12631 20
12632 9
12633 12
12634 9
12635 58
12636 9
12637 12
12638 9
12639 9
12640 9
12641 12
12642 9
12643 9
12644 9
12645 9
12646 9
12647 39
12648 9
12649 9
12650 9
12651 9
12652 9
12653 12
12654 9
12655 31
12656 9
12657 12
12658 9
12659 12
12660 9
12661 17
12662 9
12663 17
12664 9
12665 12
12666 9
12667 9
12668 9
12669 9
12670 9
12671 17
12672 9
12673 36
12674 9
12675 22
12676 9
12677 20
12678 9
12679 9
12680 9
12681 9
12682 9
12683 17
12684 9
12685 17
12686 9
12687 17
12688 9
12689 17
12690 9
12691 17
12692 9
12693 17
12694 9
12695 17
12696 9
12697 9
12698 9
12699 9
12700 9
12701 9
12702 9
12703 9
12704 9
12705 9
12706 9
12707 9
12708 9
12709 9
12710 9
12711 36
12712 9
12713 20
12714 9
12715 25
12716 9
12717 17
12718 9
12719 20
12720 9
12721 20
12722 9
12723 17
12724 9
12725 17
12726 9
12727 17
12728 9
12729 9
12730 9
12731 9
12732 9
12733 17
12734 9
12735 17
12736 9
12737 9
12738 9
12739 17
12740 9
12741 39
12742 9
12743 17
12744 9
12745 17
12746 9
12747 17
12748 9
12749 17
12750 9
12751 49
12752 9
12753 20
12754 9
12755 9
12756 9
12757 39
12758 9
12759 9
12760 9
12761 17
12762 9
12763 9
12764 9
12765 17
12766 9
12767 17
12768 9
12769 17
12770 17
12771 17
12772 17
12773 12
12774 17
12775 17
12776 17
12777 20
12778 17
12779 17
12780 17
12781 11
12782 17
12783 9
12784 17
12785 25
12786 17
12787 39
12788 17
12789 9
12790 17
12791 17
12792 17
12793 9
12794 17
12795 17
12796 17
12797 12
12798 17
12799 17
12800 17
12801 17
12802 17
12803 12
12804 17
12805 20
12806 17
12807 17
12808 17
12809 9
12810 17
12811 11
12812 17
12813 17
12814 17
12815 12
12816 17
12817 9
12818 17
12819 9
12820 17
12821 17
12822 17
12823 12
12824 17
12825 17
12826 17
12827 12
12828 17
12829 17
12830 17
12831 17
12832 17
12833 17
12834 17
12835 17
12836 17
12837 9
12838 17
12839 9
12840 17
12841 9
12842 17
12843 9
12844 17
12845 9
12846 17
12847 9
12848 17
12849 9
12850 17
12851 9
12852 17
12853 11
12854 17
12855 11
12856 17
12857 11
12858 17
12859 11
12860 17
12861 11
12862 17
12863 12
12864 17
12865 20
12866 17
12867 20
12868 17
12869 9
12870 17
12871 9
12872 17
12873 9
12874 17
12875 22
12876 17
12877 22
12878 17
12879 9
12880 17
12881 22
12882 17
12883 11
12884 17
12885 11
12886 17
12887 22
12888 17
12889 22
12890 17
12891 20
12892 17
12893 20
12894 17
12895 9
12896 17
12897 20
12898 17
12899 20
12900 17
12901 9
12902 17
12903 30
12904 17
12905 9
12906 17
12907 22
12908 17
12909 20
12910 17
12911 22
12912 17
12913 11
12914 17
12915 22
12916 17
12917 20
12918 17
12919 22
12920 17
12921 36
12922 17
12923 9
12924 17
12925 11
12926 17
12927 9
12928 17
12929 20
12930 17
12931 9
12932 17
12933 9
12934 17
12935 22
12936 17
12937 22
12938 17
12939 25
12940 17
12941 22
12942 17
12943 22
12944 17
12945 22
12946 17
12947 22
12948 17
12949 22
12950 17
12951 22
12952 17
12953 11
12954 17
12955 9
12956 17
12957 9
12958 17
12959 11
12960 17
12961 22
12962 17
12963 9
12964 17
12965 11
12966 17
12967 22
12968 17
12969 11
12970 17
12971 11
12972 17
12973 11
12974 17
12975 11
12976 17
12977 11
12978 17
12979 22
12980 17
12981 22
12982 17
12983 22
12984 17
12985 25
12986 17
12987 36
12988 17
12989 22
12990 17
12991 20
12992 17
12993 11
12994 17
12995 11
12996 9
12997 11
12998 9
12999 11
13000 9
13001 22
13002 9
13003 22
13004 9
13005 12
13006 9
13007 20
13008 9
13009 22
13010 9
13011 12
13012 9
13013 49
13014 9
13015 9
13016 9
13017 9
13018 9
13019 9
13020 9
13021 17
13022 9
13023 12
13024 9
13025 12
13026 9
13027 12
13028 9
13029 12
13030 9
13031 20
13032 9
13033 20
13034 9
13035 12
13036 9
13037 9
13038 9
13039 11
13040 9
13041 11
13042 9
13043 9
13044 9
13045 9
13046 9
13047 12
13048 9
13049 9
13050 9
13051 11
13052 9
13053 11
13054 9
13055 11
13056 9
13057 11
13058 9
13059 11
13060 9
13061 11
13062 9
13063 20
13064 9
13065 9
13066 9
13067 12
13068 9
13069 9
13070 9
13071 11
13072 9
13073 9
13074 9
13075 20
13076 9
13077 9
13078 9
13079 12
13080 9
13081 12
13082 9
13083 11
13084 9
13085 20
13086 9
13087 12
13088 9
13089 11
13090 9
13091 12
13092 9
13093 12
13094 9
13095 22
13096 9
13097 9
13098 9
13099 31
13100 9
13101 11
13102 9
13103 9
13104 9
13105 9
13106 9
13107 20
13108 9
13109 30
13110 9
13111 30
13112 9
13113 58
13114 9
13115 20
13116 9
13117 36
13118 9
13119 30
13120 9
13121 30
13122 9
13123 11
13124 9
13125 11
13126 9
13127 20
13128 9
13129 20
13130 9
13131 11
13132 9
13133 11
13134 9
13135 11
13136 9
13137 11
13138 9
13139 11
13140 9
13141 11
13142 9
13143 11
13144 9
13145 30
13146 9
13147 11
13148 9
13149 11
13150 9
13151 20
13152 9
13153 11
13154 9
13155 11
13156 9
13157 11
13158 9
13159 11
13160 9
13161 11
13162 9
13163 11
13164 9
13165 20
13166 9
13167 20
13168 9
13169 17
13170 9
13171 22
13172 9
13173 11
13174 9
13175 20
13176 9
13177 20
13178 9
13179 11
13180 9
13181 36
13182 9
13183 20
13184 9
13185 11
13186 9
13187 11
13188 9
13189 11
13190 9
13191 25
13192 9
13193 11
13194 9
13195 11
13196 9
13197 17
13198 9
13199 11
13200 9
13201 11
13202 9
13203 17
13204 9
13205 11
13206 9
13207 11
13208 9
13209 17
13210 9
13211 11
13212 9
13213 17
13214 9
13215 11
13216 9
13217 20
13218 9
13219 11
13220 9
13221 20
13222 9
13223 20
13224 9
13225 12
13226 20
13227 20
13228 20
13229 12
13230 20
13231 20
13232 20
13233 44
13234 20
13235 20
13236 20
13237 30
13238 20
13239 11
13240 20
13241 44
13242 20
13243 12
13244 20
13245 11
13246 20
13247 30
13248 20
13249 11
13250 20
13251 25
13252 20
13253 11
13254 20
13255 25
13256 20
13257 25
13258 20
13259 11
13260 20
13261 17
13262 20
13263 25
13264 20
13265 11
13266 20
13267 11
13268 20
13269 12
13270 20
13271 11
13272 20
13273 11
13274 20
13275 11
13276 20
13277 11
13278 20
13279 11
13280 20
13281 20
13282 20
13283 12
13284 20
13285 12
13286 20
13287 12
13288 20
13289 12
13290 20
13291 12
13292 20
13293 12
13294 20
13295 12
13296 20
13297 20
13298 20
13299 20
13300 20
13301 12
13302 20
13303 20
13304 20
13305 20
13306 20
13307 12
13308 20
13309 17
13310 20
13311 12
13312 20
13313 12
13314 20
13315 12
13316 20
13317 12
13318 20
13319 12
13320 20
13321 17
13322 20
13323 36
13324 20
13325 166
13326 20
13327 17
13328 20
13329 11
13330 20
13331 11
13332 20
13333 11
13334 20
13335 17
13336 20
13337 36
13338 20
13339 17
13340 20
13341 17
13342 20
13343 11
13344 20
13345 30
13346 20
13347 17
13348 20
13349 17
13350 20
13351 11
13352 20
13353 11
13354 20
13355 17
13356 20
13357 36
13358 20
13359 11
13360 20
13361 17
13362 20
13363 17
13364 20
13365 17
13366 20
13367 55
13368 20
13369 17
13370 20
13371 17
13372 20
13373 17
13374 20
13375 20
13376 20
13377 17
13378 20
13379 49
13380 20
13381 11
13382 20
13383 17
13384 20
13385 11
13386 20
13387 17
13388 20
13389 11
13390 20
13391 17
13392 20
13393 11
13394 20
13395 17
13396 20
13397 20
13398 20
13399 17
13400 20
13401 17
13402 20
13403 39
13404 20
13405 17
13406 20
13407 17
13408 20
13409 17
13410 20
13411 11
13412 20
13413 17
13414 20
13415 20
13416 20
13417 11
13418 20
13419 11
13420 20
13421 39
13422 20
13423 20
13424 20
13425 17
13426 20
13427 39
13428 20
13429 39
13430 20
13431 39
13432 20
13433 17
13434 20
13435 17
13436 20
13437 20
13438 20
13439 11
13440 20
13441 11
13442 20
13443 11
13444 20
13445 11
13446 20
13447 11
13448 20
13449 11
13450 20
13451 20
13452 20
13453 20
13454 20
13455 20
13456 9
13457 20
13458 9
13459 20
13460 9
13461 20
13462 9
13463 20
13464 9
13465 20
13466 9
13467 11
13468 9
13469 11
13470 9
13471 11
13472 9
13473 11
13474 9
13475 12
13476 9
13477 17
13478 9
13479 20
13480 9
13481 20
13482 9
13483 20
13484 9
13485 20
13486 9
13487 17
13488 9
13489 20
13490 9
13491 30
13492 9
13493 20
13494 9
13495 11
13496 9
13497 17
13498 9
13499 17
13500 9
13501 11
13502 9
13503 39
13504 9
13505 65
13506 9
13507 11
13508 9
13509 20
13510 9
13511 17
13512 9
13513 20
13514 9
13515 12
13516 9
13517 20
13518 9
13519 20
13520 9
13521 20
13522 9
13523 11
13524 9
13525 36
13526 9
13527 11
13528 9
13529 17
13530 9
13531 11
13532 9
13533 12
13534 9
13535 11
13536 9
13537 20
13538 9
13539 20
13540 9
13541 12
13542 9
13543 20
13544 9
13545 12
13546 9
13547 20
13548 9
13549 20
13550 9
13551 20
13552 9
13553 11
13554 9
13555 20
13556 9
13557 11
13558 9
13559 11
13560 9
13561 17
13562 9
13563 11
13564 9
13565 11
13566 9
13567 17
13568 9
13569 20
13570 9
13571 20
13572 9
13573 20
13574 9
13575 25
13576 9
13577 11
13578 9
13579 20
13580 9
13581 11
13582 9
13583 11
13584 9
13585 17
13586 9
13587 17
13588 9
13589 22
13590 9
13591 11
13592 9
13593 11
13594 9
13595 17
13596 9
13597 17
13598 9
13599 17
13600 9
13601 20
13602 9
13603 17
13604 9
13605 17
13606 9
13607 20
13608 9
13609 11
13610 9
13611 25
13612 9
13613 17
13614 9
13615 20
13616 9
13617 38
13618 9
13619 17
13620 9
13621 63
13622 9
13623 20
13624 9
13625 17
13626 9
13627 17
13628 9
13629 17
13630 9
13631 17
13632 9
13633 38
13634 9
13635 17
13636 9
13637 20
13638 9
13639 11
13640 9
13641 11
13642 9
13643 11
13644 9
13645 20
13646 9
13647 20
13648 9
13649 11
13650 9
13651 11
13652 9
13653 20
13654 9
13655 39
13656 9
13657 20
13658 9
13659 20
13660 9
13661 20
13662 9
13663 20
13664 9
13665 20
13666 9
13667 17
13668 9
13669 11
13670 9
13671 12
13672 9
13673 12
13674 9
13675 11
13676 9
13677 12
13678 9
13679 11
13680 9
13681 20
13682 9
13683 12
13684 9
13685 57
13686 9
13687 12
13688 9
13689 17
13690 12
13691 12
13692 12
13693 12
13694 12
13695 12
13696 12
13697 17
13698 12
13699 11
13700 12
13701 20
13702 12
13703 11
13704 12
13705 12
13706 12
13707 11
13708 12
13709 11
13710 12
13711 12
13712 12
13713 12
13714 12
13715 12
13716 12
13717 12
13718 12
13719 12
13720 12
13721 12
13722 12
13723 30
13724 12
13725 20
13726 12
13727 11
13728 12
13729 11
13730 12
13731 30
13732 12
13733 12
13734 12
13735 11
13736 12
13737 11
13738 12
13739 17
13740 12
13741 30
13742 12
13743 38
13744 12
13745 20
13746 12
13747 17
13748 12
13749 17
13750 12
13751 17
13752 12
13753 17
13754 12
13755 17
13756 12
13757 12
13758 12
13759 30
13760 12
13761 20
13762 12
13763 17
13764 12
13765 12
13766 12
13767 20
13768 12
13769 11
13770 12
13771 11
13772 12
13773 17
13774 12
13775 55
13776 12
13777 20
13778 12
13779 20
13780 12
13781 12
13782 12
13783 11
13784 12
13785 11
13786 12
13787 11
13788 12
13789 11
13790 12
13791 17
13792 12
13793 17
13794 12
13795 17
13796 12
13797 11
13798 12
13799 11
13800 12
13801 20
13802 12
13803 20
13804 12
13805 11
13806 12
13807 11
13808 12
13809 11
13810 12
13811 11
13812 12
13813 11
13814 12
13815 11
13816 12
13817 20
13818 12
13819 11
13820 12
13821 11
13822 12
13823 20
13824 12
13825 11
13826 12
13827 17
13828 12
13829 20
13830 12
13831 17
13832 12
13833 30
13834 12
13835 17
13836 12
13837 20
13838 12
13839 17
13840 12
13841 11
13842 12
13843 25
13844 12
13845 11
13846 12
13847 20
13848 12
13849 11
13850 12
13851 20
13852 12
13853 20
13854 12
13855 30
13856 12
13857 36
13858 12
13859 30
13860 12
13861 17
13862 12
13863 30
13864 12
13865 30
13866 12
13867 17
13868 12
13869 11
13870 12
13871 20
13872 12
13873 17
13874 12
13875 11
13876 12
13877 11
13878 12
13879 17
13880 12
13881 11
13882 12
13883 11
13884 12
13885 11
13886 12
13887 17
13888 12
13889 11
13890 12
13891 11
13892 12
13893 11
13894 12
13895 17
13896 12
13897 11
13898 12
13899 11
13900 12
13901 11
13902 12
13903 11
13904 12
13905 11
13906 12
13907 36
13908 12
13909 12
13910 12
13911 36
13912 12
13913 17
13914 12
13915 12
13916 12
13917 11
13918 12
13919 11
13920 12
13921 17
13922 12
13923 36
13924 9
13925 11
13926 9
13927 36
13928 9
13929 12
13930 9
13931 11
13932 9
13933 17
13934 9
13935 12
13936 9
13937 17
13938 9
13939 55
13940 9
13941 55
13942 9
13943 17
13944 9
13945 17
13946 9
13947 17
13948 9
13949 17
13950 9
13951 17
13952 9
13953 17
13954 9
13955 17
13956 9
13957 11
13958 9
13959 11
13960 9
13961 12
13962 9
13963 12
13964 9
13965 11
13966 9
13967 11
13968 9
13969 12
13970 9
13971 20
13972 9
13973 20
13974 9
13975 12
13976 9
13977 12
13978 9
13979 20
13980 9
13981 63
13982 9
13983 20
13984 9
13985 11
13986 9
13987 20
13988 9
13989 11
13990 9
13991 11
13992 9
13993 11
13994 9
13995 11
13996 9
13997 11
13998 9
13999 11
14000 9
14001 20
14002 9
14003 12
14004 9
14005 12
14006 9
14007 12
14008 9
14009 39
14010 9
14011 63
14012 9
14013 12
14014 9
14015 11
14016 9
14017 11
14018 9
14019 11
14020 9
14021 11
14022 9
14023 11
14024 9
14025 11
14026 9
14027 11
14028 9
14029 11
14030 9
14031 11
14032 9
14033 11
14034 9
14035 11
14036 9
14037 25
14038 9
14039 11
14040 9
14041 11
14042 9
14043 25
14044 9
14045 11
14046 9
14047 11
14048 9
14049 11
14050 9
14051 11
14052 9
14053 11
14054 9
14055 20
14056 9
14057 36
14058 9
14059 11
14060 9
14061 11
14062 9
14063 11
14064 9
14065 11
14066 9
14067 11
14068 9
14069 17
14070 9
14071 17
14072 9
14073 11
14074 9
14075 20
14076 9
14077 11
14078 9
14079 11
14080 9
14081 20
14082 9
14083 20
14084 9
14085 11
14086 9
14087 11
14088 9
14089 20
14090 9
14091 77
14092 9
14093 20
14094 9
14095 11
14096 9
14097 11
14098 9
14099 11
14100 9
14101 11
14102 9
14103 11
14104 9
14105 11
14106 9
14107 11
14108 9
14109 20
14110 9
14111 20
14112 9
14113 11
14114 9
14115 11
14116 9
14117 11
14118 9
14119 11
14120 9
14121 11
14122 9
14123 11
14124 9
14125 17
14126 9
14127 49
14128 9
14129 11
14130 9
14131 6
14132 9
14133 11
14134 9
14135 6
14136 9
14137 6
14138 9
14139 20
14140 9
14141 6
14142 9
14143 17
14144 9
14145 17
14146 9
14147 12
14148 9
14149 17
14150 9
14151 12
14152 9
14153 11
14154 9
14155 12
14156 9
14157 12
14158 9
14159 12
14160 9
14161 30
14162 6
14163 6
14164 6
14165 20
14166 6
14167 6
14168 6
14169 17
14170 6
14171 6
14172 6
14173 30
14174 6
14175 12
14176 6
14177 12
14178 6
14179 49
14180 6
14181 12
14182 6
14183 20
14184 6
14185 12
14186 6
14187 12
14188 6
14189 36
14190 6
14191 6
14192 6
14193 6
14194 6
14195 30
14196 6
14197 20
14198 6
14199 6
14200 6
14201 6
14202 6
14203 17
14204 6
14205 12
14206 6
14207 12
14208 6
14209 12
14210 6
14211 11
14212 6
14213 30
14214 6
14215 12
14216 6
14217 12
14218 6
14219 6
14220 6
14221 6
14222 6
14223 6
14224 6
14225 11
14226 6
14227 11
14228 6
14229 39
14230 6
14231 39
14232 6
14233 39
14234 6
14235 12
14236 6
14237 114
14238 6
14239 30
14240 6
14241 49
14242 6
14243 20
14244 6
14245 11
14246 6
14247 44
14248 6
14249 11
14250 6
14251 20
14252 6
14253 39
14254 6
14255 11
14256 6
14257 6
14258 6
14259 6
14260 6
14261 11
14262 6
14263 11
14264 6
14265 11
14266 6
14267 11
14268 6
14269 17
14270 6
14271 11
14272 6
14273 11
14274 6
14275 11
14276 6
14277 11
14278 6
14279 11
14280 6
14281 6
14282 6
14283 6
14284 6
14285 17
14286 6
14287 11
14288 6
14289 6
14290 6
14291 39
14292 6
14293 39
14294 6
14295 30
14296 6
14297 11
14298 6
14299 11
14300 6
14301 30
14302 6
14303 17
14304 6
14305 6
14306 6
14307 30
14308 6
14309 30
14310 6
14311 6
14312 6
14313 11
14314 6
14315 6
14316 6
14317 30
14318 6
14319 6
14320 6
14321 11
14322 6
14323 39
14324 6
14325 39
14326 6
14327 39
14328 6
14329 39
14330 6
14331 39
14332 6
14333 39
14334 6
14335 17
14336 6
14337 6
14338 6
14339 17
14340 6
14341 6
14342 6
14343 6
14344 6
14345 11
14346 6
14347 6
14348 6
14349 11
14350 6
14351 11
14352 6
14353 11
14354 6
14355 11
14356 6
14357 11
14358 6
14359 17
14360 6
14361 11
14362 6
14363 6
14364 6
14365 12
14366 6
14367 39
14368 6
14369 17
14370 6
14371 6
14372 6
14373 6
14374 6
14375 39
14376 6
14377 12
14378 6
14379 36
14380 6
14381 30
14382 6
14383 17
14384 6
14385 17
14386 6
14387 17
14388 6
14389 17
14390 6
14391 17
14392 6
14393 6
14394 6
14395 6
14396 6
14397 6
14398 6
14399 6
14400 9
14401 6
14402 9
14403 6
14404 9
14405 6
14406 9
14407 20
14408 9
14409 20
14410 9
14411 20
14412 9
14413 20
14414 9
14415 20
14416 9
14417 20
14418 9
14419 11
14420 9
14421 20
14422 9
14423 11
14424 9
14425 25
14426 9
14427 6
14428 9
14429 6
14430 9
14431 11
14432 9
14433 11
14434 9
14435 11
14436 9
14437 12
14438 9
14439 12
14440 9
14441 11
14442 9
14443 12
14444 9
14445 12
14446 9
14447 12
14448 9
14449 12
14450 9
14451 6
14452 9
14453 6
14454 9
14455 11
14456 9
14457 6
14458 9
14459 6
14460 9
14461 17
14462 9
14463 6
14464 9
14465 30
14466 9
14467 20
14468 9
14469 20
14470 9
14471 30
14472 9
14473 20
14474 9
14475 30
14476 9
14477 20
14478 9
14479 30
14480 9
14481 6
14482 9
14483 20
14484 9
14485 6
14486 9
14487 25
14488 9
14489 6
14490 9
14491 63
14492 9
14493 6
14494 9
14495 11
14496 9
14497 30
14498 9
14499 11
14500 9
14501 11
14502 9
14503 20
14504 9
14505 11
14506 9
14507 20
14508 9
14509 25
14510 9
14511 6
14512 9
14513 20
14514 9
14515 11
14516 9
14517 6
14518 9
14519 6
14520 9
14521 20
14522 9
14523 11
14524 9
14525 25
14526 9
14527 25
14528 9
14529 25
14530 9
14531 11
14532 9
14533 11
14534 9
14535 25
14536 9
14537 25
14538 9
14539 6
14540 9
14541 6
14542 9
14543 11
14544 9
14545 11
14546 9
14547 20
14548 9
14549 20
14550 9
14551 11
14552 9
14553 20
14554 9
14555 11
14556 9
14557 11
14558 9
14559 11
14560 9
14561 11
14562 9
14563 11
14564 9
14565 11
14566 9
14567 11
14568 9
14569 11
14570 9
14571 17
14572 9
14573 17
14574 9
14575 11
14576 9
14577 17
14578 9
14579 17
14580 9
14581 6
14582 9
14583 11
14584 9
14585 11
14586 9
14587 17
14588 9
14589 11
14590 9
14591 11
14592 9
14593 11
14594 9
14595 11
14596 9
14597 11
14598 9
14599 12
14600 9
14601 25
14602 9
14603 6
14604 9
14605 25
14606 9
14607 36
14608 9
14609 6
14610 9
14611 6
14612 9
14613 17
14614 9
14615 17
14616 9
14617 17
14618 9
14619 12
14620 9
14621 17
14622 9
14623 11
14624 9
14625 11
14626 9
14627 6
14628 9
14629 17
14630 9
14631 6
14632 9
14633 11
14634 9
14635 6
14636 9
14637 11
14638 9
14639 6
14640 9
14641 63
14642 12
14643 12
14644 12
14645 82
14646 12
14647 12
14648 12
14649 12
14650 12
14651 12
14652 12
14653 11
14654 12
14655 12
14656 12
14657 12
14658 12
14659 11
14660 12
14661 6
14662 12
14663 12
14664 12
14665 6
14666 12
14667 6
14668 12
14669 17
14670 12
14671 12
14672 12
14673 12
14674 12
14675 17
14676 12
14677 17
14678 12
14679 12
14680 12
14681 17
14682 12
14683 36
14684 12
14685 12
14686 12
14687 6
14688 12
14689 6
14690 12
14691 17
14692 12
14693 12
14694 12
14695 12
14696 12
14697 6
14698 12
14699 6
14700 12
14701 17
14702 12
14703 12
14704 12
14705 17
14706 12
14707 17
14708 12
14709 17
14710 12
14711 11
14712 12
14713 30
14714 12
14715 6
14716 12
14717 6
14718 12
14719 6
14720 12
14721 6
14722 12
14723 6
14724 12
14725 6
14726 12
14727 6
14728 12
14729 6
14730 12
14731 17
14732 12
14733 17
14734 12
14735 11
14736 12
14737 17
14738 12
14739 11
14740 12
14741 30
14742 12
14743 30
14744 12
14745 6
14746 12
14747 6
14748 12
14749 17
14750 12
14751 17
14752 12
14753 17
14754 12
14755 6
14756 12
14757 6
14758 12
14759 25
14760 12
14761 85
14762 12
14763 25
14764 12
14765 25
14766 12
14767 11
14768 12
14769 17
14770 12
14771 25
14772 12
14773 25
14774 12
14775 11
14776 12
14777 6
14778 12
14779 6
14780 12
14781 17
14782 12
14783 6
14784 12
14785 17
14786 12
14787 30
14788 12
14789 17
14790 12
14791 17
14792 12
14793 17
14794 12
14795 17
14796 12
14797 17
14798 12
14799 17
14800 12
14801 17
14802 12
14803 36
14804 12
14805 6
14806 12
14807 17
14808 12
14809 6
14810 12
14811 36
14812 12
14813 6
14814 12
14815 36
14816 12
14817 6
14818 12
14819 30
14820 12
14821 17
14822 12
14823 17
14824 12
14825 57
14826 12
14827 17
14828 12
14829 17
14830 12
14831 17
14832 12
14833 6
14834 12
14835 6
14836 12
14837 12
14838 12
14839 20
14840 12
14841 6
14842 12
14843 6
14844 12
14845 12
14846 12
14847 20
14848 12
14849 12
14850 12
14851 12
14852 12
14853 12
14854 12
14855 25
14856 12
14857 20
14858 12
14859 12
14860 12
14861 12
14862 12
14863 6
14864 12
14865 6
14866 12
14867 11
14868 12
14869 12
14870 12
14871 57
14872 12
14873 20
14874 12
14875 20
14876 12
14877 12
14878 12
14879 17
14880 12
14881 11
14882 12
14883 12
14884 6
14885 12
14886 6
14887 44
14888 6
14889 17
14890 6
14891 12
14892 6
14893 17
14894 6
14895 17
14896 6
14897 12
14898 6
14899 12
14900 6
14901 11
14902 6
14903 6
14904 6
14905 6
14906 6
14907 44
14908 6
14909 44
14910 6
14911 25
14912 6
14913 12
14914 6
14915 12
14916 6
14917 44
14918 6
14919 44
14920 6
14921 44
14922 6
14923 39
14924 6
14925 6
14926 6
14927 6
14928 6
14929 12
14930 6
14931 12
14932 6
14933 6
14934 6
14935 6
14936 6
14937 12
14938 6
14939 36
14940 6
14941 36
14942 6
14943 12
14944 6
14945 36
14946 6
14947 25
14948 6
14949 44
14950 6
14951 6
14952 6
14953 12
14954 6
14955 6
14956 6
14957 11
14958 6
14959 6
14960 6
14961 11
14962 6
14963 6
14964 6
14965 11
14966 6
14967 11
14968 6
14969 11
14970 6
14971 11
14972 6
14973 17
14974 6
14975 11
14976 6
14977 11
14978 6
14979 11
14980 6
14981 20
14982 6
14983 11
14984 6
14985 6
14986 6
14987 36
14988 6
14989 6
14990 6
14991 6
14992 6
14993 11
14994 6
14995 44
14996 6
14997 44
14998 6
14999 17
15000 6
15001 20
15002 6
15003 44
15004 6
15005 36
15006 6
15007 11
15008 6
15009 6
15010 6
15011 6
15012 6
15013 6
15014 6
15015 17
15016 6
15017 17
15018 6
15019 6
15020 6
15021 6
15022 6
15023 6
15024 6
15025 11
15026 6
15027 20
15028 6
15029 11
15030 6
15031 20
15032 6
15033 20
15034 6
15035 11
15036 6
15037 11
15038 6
15039 6
15040 6
15041 6
15042 6
15043 6
15044 6
15045 6
15046 6
15047 6
15048 6
15049 6
15050 6
15051 6
15052 6
15053 6
15054 6
15055 25
15056 6
15057 25
15058 6
15059 25
15060 6
15061 17
15062 6
15063 11
15064 6
15065 66
15066 6
15067 63
15068 6
15069 25
15070 6
15071 6
15072 6
15073 6
15074 6
15075 6
15076 6
15077 17
15078 6
15079 25
15080 6
15081 6
15082 6
15083 20
15084 6
15085 20
15086 6
15087 25
15088 6
15089 11
15090 6
15091 20
15092 6
15093 20
15094 6
15095 11
15096 6
15097 20
15098 6
15099 6
15100 6
15101 12
15102 6
15103 6
15104 6
15105 6
15106 6
15107 12
15108 6
15109 6
15110 6
15111 6
15112 6
15113 17
15114 6
15115 12
15116 6
15117 17
15118 6
15119 12
15120 6
15121 17
15122 6
15123 12
15124 6
15125 11
15126 6
15127 6
15128 6
15129 20
15130 6
15131 6
15132 6
15133 12
15134 6
15135 6
15136 6
15137 17
15138 6
15139 6
15140 6
15141 12
15142 6
15143 17
15144 6
15145 17
15146 6
15147 17
15148 6
15149 17
15150 6
15151 17
15152 6
15153 17
15154 6
15155 17
15156 6
15157 12
15158 6
15159 6
15160 6
15161 6
15162 6
15163 30
15164 6
15165 6
15166 6
15167 6
15168 6
15169 47
15170 6
15171 12
15172 6
15173 12
15174 6
15175 12
15176 6
15177 12
15178 6
15179 17
15180 6
15181 12
15182 6
15183 12
15184 6
15185 12
15186 6
15187 6
15188 6
15189 12
15190 6
15191 11
15192 6
15193 11
15194 6
15195 20
15196 6
15197 63
15198 6
15199 6
15200 6
15201 11
15202 6
15203 11
15204 6
15205 11
15206 6
15207 11
15208 6
15209 11
15210 6
15211 11
15212 6
15213 11
15214 6
15215 11
15216 6
15217 20
15218 6
15219 20
15220 6
15221 20
15222 6
15223 20
15224 6
15225 30
15226 6
15227 17
15228 6
15229 17
15230 6
15231 30
15232 6
15233 63
15234 6
15235 20
15236 6
15237 20
15238 6
15239 20
15240 6
15241 36
15242 6
15243 20
15244 6
15245 17
15246 6
15247 20
15248 6
15249 20
15250 6
15251 20
15252 6
15253 20
15254 6
15255 20
15256 6
15257 20
15258 6
15259 30
15260 6
15261 17
15262 6
15263 17
15264 6
15265 11
15266 6
15267 11
15268 6
15269 17
15270 6
15271 46
15272 6
15273 17
15274 6
15275 17
15276 6
15277 20
15278 6
15279 20
15280 6
15281 30
15282 6
15283 20
15284 6
15285 77
15286 6
15287 63
15288 6
15289 20
15290 6
15291 20
15292 6
15293 20
15294 6
15295 17
15296 6
15297 20
15298 6
15299 20
15300 6
15301 19
15302 6
15303 20
15304 6
15305 36
15306 6
15307 20
15308 6
15309 17
15310 6
15311 20
15312 6
15313 20
15314 6
15315 20
15316 6
15317 20
15318 6
15319 20
15320 6
15321 11
15322 6
15323 20
15324 6
15325 11
15326 6
15327 44
15328 6
15329 20
15330 6
15331 20
15332 6
15333 11
15334 6
15335 20
15336 6
15337 20
15338 6
15339 20
15340 6
15341 11
15342 6
15343 128
15344 6
15345 20
15346 6
15347 20
15348 6
15349 20
15350 6
15351 46
15352 6
15353 20
15354 6
15355 38
15356 6
15357 20
15358 6
15359 11
15360 6
15361 11
15362 6
15363 11
15364 6
15365 20
15366 6
15367 20
15368 6
15369 20
15370 6
15371 20
15372 6
15373 20
15374 6
15375 20
15376 6
15377 20
15378 6
15379 11
15380 6
15381 11
15382 6
15383 11
15384 6
15385 11
15386 6
15387 11
15388 6
15389 11
15390 6
15391 11
15392 6
15393 11
15394 6
15395 38
15396 6
15397 11
15398 6
15399 44
15400 6
15401 17
15402 6
15403 20
15404 6
15405 20
15406 6
15407 20
15408 6
15409 20
15410 6
15411 36
15412 6
15413 30
15414 6
15415 30
15416 6
15417 17
15418 6
15419 20
15420 6
15421 30
15422 6
15423 30
15424 6
15425 36
15426 6
15427 11
15428 6
15429 20
15430 6
15431 11
15432 6
15433 20
15434 6
15435 20
15436 6
15437 36
15438 6
15439 20
15440 6
15441 11
15442 6
15443 20
15444 6
15445 11
15446 6
15447 25
15448 6
15449 11
15450 6
15451 11
15452 6
15453 17
15454 6
15455 20
15456 6
15457 11
15458 6
15459 20
15460 6
15461 11
15462 6
15463 20
15464 6
15465 25
15466 6
15467 11
15468 6
15469 11
15470 6
15471 11
15472 6
15473 11
15474 6
15475 17
15476 6
15477 11
15478 6
15479 11
15480 6
15481 17
15482 6
15483 20
15484 6
15485 11
15486 6
15487 20
15488 6
15489 20
15490 6
15491 38
15492 6
15493 17
15494 6
15495 20
15496 6
15497 20
15498 6
15499 11
15500 6
15501 20
15502 6
15503 17
15504 6
15505 17
15506 6
15507 20
15508 6
15509 17
15510 6
15511 36
15512 6
15513 20
15514 6
15515 20
15516 6
15517 20
15518 6
15519 11
15520 6
15521 11
15522 6
15523 11
15524 6
15525 17
15526 6
15527 20
15528 6
15529 11
15530 6
15531 11
15532 6
15533 11
15534 6
15535 11
15536 6
15537 11
15538 6
15539 11
15540 6
15541 11
15542 6
15543 20
15544 6
15545 20
15546 6
15547 20
15548 6
15549 20
15550 6
15551 20
15552 6
15553 20
15554 6
15555 20
15556 6
15557 20
15558 6
15559 36
15560 6
15561 11
15562 6
15563 11
15564 6
15565 11
15566 6
15567 11
15568 6
15569 11
15570 6
15571 11
15572 6
15573 44
15574 6
15575 11
15576 6
15577 11
15578 6
15579 20
15580 6
15581 20
15582 6
15583 44
15584 6
15585 36
15586 6
15587 20
15588 6
15589 11
15590 6
15591 20
15592 6
15593 11
15594 6
15595 11
15596 6
15597 11
15598 6
15599 11
15600 6
15601 11
15602 6
15603 36
15604 6
15605 20
15606 6
15607 20
15608 6
15609 11
15610 6
15611 20
15612 6
15613 11
15614 6
15615 20
15616 6
15617 11
15618 6
15619 11
15620 6
15621 46
15622 6
15623 11
15624 6
15625 44
15626 11
15627 11
15628 11
15629 11
15630 11
15631 11
15632 11
15633 38
15634 11
15635 20
15636 11
15637 17
15638 11
15639 20
15640 11
15641 20
15642 11
15643 20
15644 11
15645 20
15646 11
15647 11
15648 11
15649 19
15650 11
15651 19
15652 11
15653 20
15654 11
15655 19
15656 11
15657 19
15658 11
15659 11
15660 11
15661 19
15662 11
15663 20
15664 11
15665 36
15666 11
15667 36
15668 11
15669 20
15670 11
15671 20
15672 11
15673 20
15674 11
15675 36
15676 11
15677 36
15678 11
15679 36
15680 11
15681 36
15682 11
15683 36
15684 11
15685 36
15686 11
15687 17
15688 11
15689 55
15690 11
15691 36
15692 11
15693 20
15694 11
15695 20
15696 11
15697 20
15698 11
15699 20
15700 11
15701 20
15702 11
15703 20
15704 11
15705 20
15706 11
15707 25
15708 11
15709 25
15710 11
15711 25
15712 11
15713 25
15714 11
15715 25
15716 11
15717 25
15718 11
15719 25
15720 11
15721 25
15722 11
15723 20
15724 11
15725 20
15726 11
15727 11
15728 11
15729 36
15730 11
15731 17
15732 11
15733 17
15734 11
15735 20
15736 11
15737 36
15738 11
15739 36
15740 11
15741 17
15742 11
15743 36
15744 11
15745 36
15746 11
15747 36
15748 11
15749 36
15750 11
15751 17
15752 11
15753 20
15754 11
15755 20
15756 11
15757 36
15758 11
15759 11
15760 11
15761 20
15762 11
15763 36
15764 11
15765 20
15766 11
15767 36
15768 11
15769 17
15770 11
15771 36
15772 11
15773 36
15774 11
15775 17
15776 11
15777 36
15778 11
15779 17
15780 11
15781 36
15782 11
15783 20
15784 11
15785 19
15786 11
15787 20
15788 11
15789 36
15790 11
15791 20
15792 11
15793 17
15794 11
15795 20
15796 11
15797 36
15798 11
15799 17
15800 11
15801 17
15802 11
15803 17
15804 11
15805 17
15806 11
15807 38
15808 11
15809 17
15810 11
15811 44
15812 11
15813 20
15814 11
15815 20
15816 11
15817 17
15818 11
15819 20
15820 11
15821 20
15822 11
15823 19
15824 11
15825 20
15826 11
15827 17
15828 11
15829 46
15830 11
15831 17
15832 11
15833 17
15834 11
15835 17
15836 11
15837 17
15838 11
15839 17
15840 11
15841 20
15842 11
15843 20
15844 11
15845 139
15846 11
15847 20
15848 11
15849 11
15850 11
15851 20
15852 11
15853 20
15854 11
15855 20
15856 11
15857 11
15858 11
15859 36
15860 11
15861 36
15862 11
15863 17
15864 11
15865 36
15866 11
15867 11
15868 11
15869 11
15870 11
15871 17
15872 11
15873 36
15874 11
15875 11
15876 6
15877 36
15878 6
15879 17
15880 6
15881 17
15882 6
15883 36
15884 6
15885 11
15886 6
15887 36
15888 6
15889 17
15890 6
15891 30
15892 6
15893 11
15894 6
15895 36
15896 6
15897 36
15898 6
15899 36
15900 6
15901 20
15902 6
15903 36
15904 6
15905 36
15906 6
15907 25
15908 6
15909 20
15910 6
15911 20
15912 6
15913 25
15914 6
15915 17
15916 6
15917 11
15918 6
15919 11
15920 6
15921 17
15922 6
15923 17
15924 6
15925 11
15926 6
15927 11
15928 6
15929 17
15930 6
15931 17
15932 6
15933 20
15934 6
15935 36
15936 6
15937 20
15938 6
15939 20
15940 6
15941 17
15942 6
15943 20
15944 6
15945 17
15946 6
15947 95
15948 6
15949 17
15950 6
15951 17
15952 6
15953 17
15954 6
15955 17
15956 6
15957 17
15958 6
15959 30
15960 6
15961 20
15962 6
15963 30
15964 6
15965 20
15966 6
15967 36
15968 6
15969 20
15970 6
15971 36
15972 6
15973 20
15974 6
15975 20
15976 6
15977 17
15978 6
15979 17
15980 6
15981 55
15982 6
15983 17
15984 6
15985 17
15986 6
15987 17
15988 6
15989 17
15990 6
15991 20
15992 6
15993 17
15994 6
15995 17
15996 6
15997 20
15998 6
15999 17
16000 6
16001 17
16002 6
16003 20
16004 6
16005 20
16006 6
16007 36
16008 6
16009 17
16010 6
16011 44
16012 6
16013 36
16014 6
16015 36
16016 6
16017 36
16018 6
16019 17
16020 6
16021 17
16022 6
16023 17
16024 6
16025 20
16026 6
16027 20
16028 6
16029 20
16030 6
16031 20
16032 6
16033 20
16034 6
16035 20
16036 6
16037 17
16038 6
16039 17
16040 6
16041 17
16042 6
16043 36
16044 6
16045 17
16046 6
16047 17
16048 6
16049 55
16050 6
16051 11
16052 6
16053 20
16054 6
16055 20
16056 6
16057 20
16058 6
16059 20
16060 6
16061 20
16062 6
16063 20
16064 6
16065 17
16066 6
16067 11
16068 6
16069 30
16070 6
16071 17
16072 6
16073 17
16074 6
16075 17
16076 6
16077 17
16078 6
16079 11
16080 6
16081 17
16082 6
16083 20
16084 6
16085 20
16086 6
16087 11
16088 6
16089 44
16090 6
16091 20
16092 6
16093 20
16094 6
16095 17
16096 6
16097 17
16098 6
16099 17
16100 6
16101 47
16102 6
16103 11
16104 6
16105 17
16106 6
16107 17
16108 6
16109 17
16110 6
16111 20
16112 6
16113 11
16114 6
16115 20
16116 6
16117 82
16118 6
16119 20
16120 6
16121 19
16122 6
16123 20
16124 6
16125 17
16126 6
16127 11
16128 6
16129 17
16130 11
16131 11
16132 11
16133 11
16134 11
16135 11
16136 11
16137 17
16138 11
16139 11
16140 11
16141 11
16142 11
16143 20
16144 11
16145 17
16146 11
16147 20
16148 11
16149 20
16150 11
16151 11
16152 11
16153 20
16154 11
16155 20
16156 11
16157 36
16158 11
16159 11
16160 11
16161 11
16162 11
16163 17
16164 11
16165 11
16166 11
16167 11
16168 11
16169 17
16170 11
16171 30
16172 11
16173 20
16174 11
16175 20
16176 11
16177 17
16178 11
16179 17
16180 11
16181 20
16182 11
16183 20
16184 11
16185 20
16186 11
16187 17
16188 11
16189 17
16190 11
16191 20
16192 11
16193 17
16194 11
16195 17
16196 11
16197 17
16198 11
16199 17
16200 11
16201 20
16202 11
16203 20
16204 11
16205 20
16206 11
16207 20
16208 11
16209 17
16210 11
16211 20
16212 11
16213 17
16214 11
16215 36
16216 11
16217 20
16218 11
16219 17
16220 11
16221 17
16222 11
16223 36
16224 11
16225 36
16226 11
16227 36
16228 11
16229 36
16230 11
16231 20
16232 11
16233 20
16234 11
16235 17
16236 11
16237 44
16238 11
16239 17
16240 11
16241 17
16242 11
16243 20
16244 11
16245 20
16246 11
16247 17
16248 11
16249 30
16250 11
16251 25
16252 11
16253 20
16254 11
16255 20
16256 11
16257 17
16258 11
16259 17
16260 11
16261 20
16262 11
16263 20
16264 11
16265 17
16266 11
16267 20
16268 11
16269 20
16270 11
16271 36
16272 11
16273 20
16274 11
16275 20
16276 11
16277 17
16278 11
16279 17
16280 11
16281 36
16282 11
16283 17
16284 11
16285 17
16286 11
16287 36
16288 11
16289 17
16290 11
16291 17
16292 11
16293 20
16294 11
16295 11
16296 11
16297 20
16298 11
16299 38
16300 11
16301 20
16302 11
16303 17
16304 11
16305 20
16306 11
16307 25
16308 11
16309 17
16310 11
16311 20
16312 11
16313 17
16314 11
16315 17
16316 11
16317 25
16318 11
16319 17
16320 11
16321 25
16322 11
16323 6
16324 11
16325 6
16326 11
16327 17
16328 11
16329 6
16330 11
16331 6
16332 11
16333 11
16334 11
16335 30
16336 11
16337 20
16338 11
16339 17
16340 11
16341 11
16342 11
16343 20
16344 11
16345 20
16346 11
16347 20
16348 11
16349 25
16350 11
16351 20
16352 11
16353 6
16354 11
16355 6
16356 11
16357 6
16358 11
16359 11
16360 11
16361 17
16362 11
16363 17
16364 11
16365 20
16366 11
16367 17
16368 11
16369 17
16370 11
16371 17
16372 11
16373 17
16374 11
16375 17
16376 11
16377 17
16378 11
16379 17
16380 11
16381 17
16382 11
16383 6
16384 6
16385 6
16386 6
16387 6
16388 6
16389 6
16390 6
16391 6
16392 6
16393 6
16394 6
16395 6
16396 6
16397 17
16398 6
16399 17
16400 6
16401 17
16402 6
16403 17
16404 6
16405 11
16406 6
16407 47
16408 6
16409 17
16410 6
16411 17
16412 6
16413 6
16414 6
16415 6
16416 6
16417 17
16418 6
16419 17
16420 6
16421 6
16422 6
16423 6
16424 6
16425 6
16426 6
16427 17
16428 6
16429 17
16430 6
16431 19
16432 6
16433 17
16434 6
16435 11
16436 6
16437 19
16438 6
16439 19
16440 6
16441 11
16442 6
16443 6
16444 6
16445 6
16446 6
16447 11
16448 6
16449 6
16450 6
16451 11
16452 6
16453 11
16454 6
16455 6
16456 6
16457 17
16458 6
16459 17
16460 6
16461 25
16462 6
16463 17
16464 6
16465 17
16466 6
16467 17
16468 6
16469 11
16470 6
16471 17
16472 6
16473 30
16474 6
16475 6
16476 6
16477 17
16478 6
16479 6
16480 6
16481 11
16482 6
16483 6
16484 6
16485 17
16486 6
16487 17
16488 6
16489 11
16490 6
16491 11
16492 6
16493 11
16494 6
16495 11
16496 6
16497 11
16498 6
16499 11
16500 6
16501 11
16502 6
16503 25
16504 6
16505 6
16506 6
16507 6
16508 6
16509 17
16510 6
16511 11
16512 6
16513 6
16514 6
16515 6
16516 6
16517 30
16518 6
16519 11
16520 6
16521 11
16522 6
16523 11
16524 6
16525 11
16526 6
16527 11
16528 6
16529 17
16530 6
16531 30
16532 6
16533 6
16534 6
16535 6
16536 6
16537 6
16538 6
16539 6
16540 6
16541 6
16542 6
16543 11
16544 6
16545 11
16546 6
16547 30
16548 6
16549 44
16550 6
16551 17
16552 6
16553 11
16554 6
16555 11
16556 6
16557 11
16558 6
16559 17
16560 6
16561 68
16562 6
16563 11
16564 6
16565 11
16566 6
16567 30
16568 6
16569 6
16570 6
16571 6
16572 6
16573 6
16574 6
16575 6
16576 6
16577 6
16578 6
16579 11
16580 6
16581 30
16582 6
16583 17
16584 6
16585 11
16586 6
16587 11
16588 6
16589 11
16590 6
16591 11
16592 6
16593 17
16594 6
16595 6
16596 6
16597 6
16598 6
16599 17
16600 6
16601 11
16602 6
16603 6
16604 6
16605 6
16606 6
16607 11
16608 6
16609 19
16610 6
16611 11
16612 6
16613 11
16614 6
16615 17
16616 6
16617 11
16618 6
16619 17
16620 6
16621 11
16622 6
16623 11
16624 6
16625 17
16626 6
16627 6
16628 6
16629 30
16630 6
16631 6
16632 6
16633 11
16634 6
16635 6
16636 6
16637 17
16638 6
16639 17
16640 6
16641 11
16642 17
16643 17
16644 17
16645 17
16646 17
16647 17
16648 17
16649 25
16650 17
16651 17
16652 17
16653 11
16654 17
16655 6
16656 17
16657 17
16658 17
16659 6
16660 17
16661 6
16662 17
16663 11
16664 17
16665 6
16666 17
16667 17
16668 17
16669 17
16670 17
16671 11
16672 17
16673 17
16674 17
16675 25
16676 17
16677 11
16678 17
16679 11
16680 17
16681 17
16682 17
16683 55
16684 17
16685 6
16686 17
16687 6
16688 17
16689 11
16690 17
16691 30
16692 17
16693 6
16694 17
16695 6
16696 17
16697 6
16698 17
16699 17
16700 17
16701 17
16702 17
16703 17
16704 17
16705 17
16706 17
16707 17
16708 17
16709 17
16710 17
16711 17
16712 17
16713 17
16714 17
16715 17
16716 17
16717 17
16718 17
16719 19
16720 17
16721 17
16722 17
16723 17
16724 17
16725 17
16726 17
16727 25
16728 17
16729 11
16730 17
16731 11
16732 17
16733 19
16734 17
16735 17
16736 17
16737 11
16738 17
16739 11
16740 17
16741 11
16742 17
16743 11
16744 17
16745 6
16746 17
16747 6
16748 17
16749 6
16750 17
16751 11
16752 17
16753 17
16754 17
16755 17
16756 17
16757 6
16758 17
16759 6
16760 17
16761 11
16762 17
16763 11
16764 17
16765 17
16766 17
16767 11
16768 17
16769 11
16770 17
16771 11
16772 17
16773 11
16774 17
16775 11
16776 17
16777 6
16778 17
16779 25
16780 17
16781 11
16782 17
16783 6
16784 17
16785 17
16786 17
16787 17
16788 17
16789 6
16790 17
16791 17
16792 17
16793 11
16794 17
16795 11
16796 17
16797 20
16798 17
16799 11
16800 17
16801 17
16802 17
16803 11
16804 17
16805 20
16806 17
16807 11
16808 17
16809 6
16810 17
16811 17
16812 17
16813 6
16814 17
16815 17
16816 17
16817 6
16818 17
16819 20
16820 17
16821 17
16822 17
16823 17
16824 17
16825 11
16826 17
16827 17
16828 17
16829 17
16830 17
16831 17
16832 17
16833 11
16834 17
16835 11
16836 17
16837 6
16838 17
16839 17
16840 17
16841 17
16842 17
16843 6
16844 17
16845 11
16846 17
16847 11
16848 17
16849 6
16850 17
16851 17
16852 17
16853 25
16854 17
16855 17
16856 17
16857 17
16858 17
16859 17
16860 17
16861 17
16862 17
16863 17
16864 17
16865 17
16866 17
16867 6
16868 17
16869 17
16870 17
16871 30
16872 17
16873 11
16874 17
16875 6
16876 17
16877 6
16878 17
16879 6
16880 17
16881 6
16882 17
16883 17
16884 17
16885 17
16886 17
16887 25
16888 17
16889 17
16890 17
16891 38
16892 17
16893 17
16894 17
16895 17
16896 17
16897 25
16898 17
16899 17
16900 6
16901 38
16902 6
16903 19
16904 6
16905 11
16906 6
16907 17
16908 6
16909 19
16910 6
16911 11
16912 6
16913 25
16914 6
16915 17
16916 6
16917 38
16918 6
16919 44
16920 6
16921 44
16922 6
16923 44
16924 6
16925 44
16926 6
16927 44
16928 6
16929 17
16930 6
16931 17
16932 6
16933 6
16934 6
16935 6
16936 6
16937 6
16938 6
16939 17
16940 6
16941 17
16942 6
16943 19
16944 6
16945 19
16946 6
16947 17
16948 6
16949 38
16950 6
16951 19
16952 6
16953 11
16954 6
16955 17
16956 6
16957 19
16958 6
16959 17
16960 6
16961 19
16962 6
16963 6
16964 6
16965 11
16966 6
16967 11
16968 6
16969 6
16970 6
16971 25
16972 6
16973 17
16974 6
16975 36
16976 6
16977 17
16978 6
16979 17
16980 6
16981 19
16982 6
16983 17
16984 6
16985 63
16986 6
16987 17
16988 6
16989 36
16990 6
16991 6
16992 6
16993 25
16994 6
16995 11
16996 6
16997 6
16998 6
16999 11
17000 6
17001 6
17002 6
17003 11
17004 6
17005 11
17006 6
17007 17
17008 6
17009 11
17010 6
17011 11
17012 6
17013 20
17014 6
17015 17
17016 6
17017 11
17018 6
17019 11
17020 6
17021 19
17022 6
17023 6
17024 6
17025 6
17026 6
17027 17
17028 6
17029 6
17030 6
17031 6
17032 6
17033 112
17034 6
17035 19
17036 6
17037 11
17038 6
17039 11
17040 6
17041 11
17042 6
17043 19
17044 6
17045 11
17046 6
17047 11
17048 6
17049 6
17050 6
17051 6
17052 6
17053 6
17054 6
17055 6
17056 6
17057 11
17058 6
17059 19
17060 6
17061 19
17062 6
17063 17
17064 6
17065 27
17066 6
17067 11
17068 6
17069 17
17070 6
17071 25
17072 6
17073 17
17074 6
17075 25
17076 6
17077 17
17078 6
17079 47
17080 6
17081 25
17082 6
17083 11
17084 6
17085 19
17086 6
17087 17
17088 6
17089 17
17090 6
17091 6
17092 6
17093 6
17094 6
17095 11
17096 6
17097 11
17098 6
17099 17
17100 6
17101 38
17102 6
17103 44
17104 6
17105 11
17106 6
17107 11
17108 6
17109 11
17110 6
17111 28
17112 6
17113 47
17114 6
17115 6
17116 6
17117 6
17118 6
17119 17
17120 6
17121 17
17122 6
17123 6
17124 6
17125 11
17126 6
17127 47
17128 6
17129 38
17130 6
17131 11
17132 6
17133 25
17134 6
17135 47
17136 6
17137 11
17138 6
17139 11
17140 6
17141 6
17142 6
17143 6
17144 6
17145 17
17146 6
17147 6
17148 6
17149 25
17150 6
17151 6
17152 6
17153 17
17154 6
17155 6
17156 6
17157 11
17158 6
17159 11
17160 6
17161 25
17162 11
17163 11
17164 11
17165 55
17166 11
17167 11
17168 11
17169 44
17170 11
17171 6
17172 11
17173 17
17174 11
17175 6
17176 11
17177 30
17178 11
17179 6
17180 11
17181 6
17182 11
17183 25
17184 11
17185 6
17186 11
17187 44
17188 11
17189 44
17190 11
17191 44
17192 11
17193 17
17194 11
17195 82
17196 11
17197 44
17198 11
17199 44
17200 11
17201 17
17202 11
17203 17
17204 11
17205 6
17206 11
17207 6
17208 11
17209 17
17210 11
17211 44
17212 11
17213 6
17214 11
17215 6
17216 11
17217 44
17218 11
17219 44
17220 11
17221 44
17222 11
17223 17
17224 11
17225 17
17226 11
17227 17
17228 11
17229 17
17230 11
17231 17
17232 11
17233 17
17234 11
17235 17
17236 11
17237 25
17238 11
17239 17
17240 11
17241 17
17242 11
17243 39
17244 11
17245 44
17246 11
17247 17
17248 11
17249 44
17250 11
17251 44
17252 11
17253 44
17254 11
17255 47
17256 11
17257 19
17258 11
17259 57
17260 11
17261 44
17262 11
17263 25
17264 11
17265 17
17266 11
17267 6
17268 11
17269 6
17270 11
17271 6
17272 11
17273 6
17274 11
17275 25
17276 11
17277 38
17278 11
17279 17
17280 11
17281 25
17282 11
17283 25
17284 11
17285 25
17286 11
17287 17
17288 11
17289 47
17290 11
17291 25
17292 11
17293 6
17294 11
17295 28
17296 11
17297 17
17298 11
17299 6
17300 11
17301 11
17302 11
17303 44
17304 11
17305 6
17306 11
17307 6
17308 11
17309 25
17310 11
17311 11
17312 11
17313 11
17314 11
17315 11
17316 11
17317 11
17318 11
17319 17
17320 11
17321 11
17322 11
17323 25
17324 11
17325 11
17326 11
17327 6
17328 11
17329 17
17330 11
17331 6
17332 11
17333 11
17334 11
17335 6
17336 11
17337 28
17338 11
17339 11
17340 11
17341 28
17342 11
17343 11
17344 11
17345 11
17346 11
17347 11
17348 11
17349 47
17350 11
17351 25
17352 11
17353 11
17354 11
17355 47
17356 11
17357 6
17358 11
17359 6
17360 11
17361 19
17362 11
17363 6
17364 11
17365 44
17366 11
17367 11
17368 11
17369 6
17370 11
17371 17
17372 11
17373 25
17374 11
17375 17
17376 11
17377 17
17378 11
17379 11
17380 11
17381 27
17382 11
17383 17
17384 11
17385 6
17386 11
17387 11
17388 11
17389 19
17390 11
17391 17
17392 11
17393 6
17394 11
17395 6
17396 11
17397 6
17398 11
17399 11
17400 11
17401 11
17402 11
17403 57
17404 11
17405 27
17406 11
17407 11
17408 11
17409 11
17410 11
17411 11
17412 11
17413 11
17414 11
17415 11
17416 11
17417 6
17418 11
17419 6
17420 11
17421 6
17422 11
17423 6
17424 6
17425 6
17426 6
17427 6
17428 6
17429 6
17430 6
17431 25
17432 6
17433 25
17434 6
17435 25
17436 6
17437 25
17438 6
17439 25
17440 6
17441 25
17442 6
17443 25
17444 6
17445 17
17446 6
17447 17
17448 6
17449 44
17450 6
17451 6
17452 6
17453 6
17454 6
17455 6
17456 6
17457 25
17458 6
17459 25
17460 6
17461 17
17462 6
17463 17
17464 6
17465 17
17466 6
17467 17
17468 6
17469 25
17470 6
17471 17
17472 6
17473 17
17474 6
17475 17
17476 6
17477 30
17478 6
17479 6
17480 6
17481 25
17482 6
17483 17
17484 6
17485 6
17486 6
17487 27
17488 6
17489 25
17490 6
17491 6
17492 6
17493 17
17494 6
17495 17
17496 6
17497 38
17498 6
17499 17
17500 6
17501 17
17502 6
17503 27
17504 6
17505 17
17506 6
17507 17
17508 6
17509 17
17510 6
17511 17
17512 6
17513 17
17514 6
17515 17
17516 6
17517 17
17518 6
17519 39
17520 6
17521 17
17522 6
17523 11
17524 6
17525 17
17526 6
17527 17
17528 6
17529 19
17530 6
17531 17
17532 6
17533 47
17534 6
17535 17
17536 6
17537 17
17538 6
17539 19
17540 6
17541 17
17542 6
17543 17
17544 6
17545 17
17546 6
17547 17
17548 6
17549 17
17550 6
17551 25
17552 6
17553 17
17554 6
17555 17
17556 6
17557 17
17558 6
17559 44
17560 6
17561 58
17562 6
17563 17
17564 6
17565 17
17566 6
17567 17
17568 6
17569 17
17570 6
17571 11
17572 6
17573 17
17574 6
17575 17
17576 6
17577 17
17578 6
17579 17
17580 6
17581 11
17582 6
17583 44
17584 6
17585 27
17586 6
17587 30
17588 6
17589 25
17590 6
17591 19
17592 6
17593 19
17594 6
17595 11
17596 6
17597 11
17598 6
17599 11
17600 6
17601 17
17602 6
17603 17
17604 6
17605 17
17606 6
17607 17
17608 6
17609 17
17610 6
17611 17
17612 6
17613 11
17614 6
17615 36
17616 6
17617 11
17618 6
17619 27
17620 6
17621 25
17622 6
17623 25
17624 6
17625 25
17626 6
17627 25
17628 6
17629 19
17630 6
17631 17
17632 6
17633 17
17634 6
17635 17
17636 6
17637 17
17638 6
17639 11
17640 6
17641 25
17642 6
17643 17
17644 6
17645 17
17646 6
17647 11
17648 6
17649 11
17650 6
17651 11
17652 6
17653 11
17654 6
17655 27
17656 6
17657 11
17658 6
17659 11
17660 6
17661 11
17662 6
17663 17
17664 6
17665 17
17666 6
17667 27
17668 6
17669 17
17670 6
17671 17
17672 6
17673 11
17674 6
17675 17
17676 6
17677 25
17678 6
17679 11
17680 6
17681 17
17682 6
17683 11
17684 6
17685 25
17686 6
17687 11
17688 6
17689 19
17690 11
17691 11
17692 11
17693 17
17694 11
17695 17
17696 11
17697 36
17698 11
17699 17
17700 11
17701 19
17702 11
17703 17
17704 11
17705 19
17706 11
17707 25
17708 11
17709 25
17710 11
17711 19
17712 11
17713 25
17714 11
17715 17
17716 11
17717 17
17718 11
17719 25
17720 11
17721 17
17722 11
17723 25
17724 11
17725 17
17726 11
17727 17
17728 11
17729 17
17730 11
17731 17
17732 11
17733 17
17734 11
17735 11
17736 11
17737 25
17738 11
17739 11
17740 11
17741 25
17742 11
17743 25
17744 11
17745 27
17746 11
17747 17
17748 11
17749 19
17750 11
17751 25
17752 11
17753 25
17754 11
17755 17
17756 11
17757 17
17758 11
17759 19
17760 11
17761 17
17762 11
17763 11
17764 11
17765 30
17766 11
17767 25
17768 11
17769 17
17770 11
17771 19
17772 11
17773 19
17774 11
17775 19
17776 11
17777 19
17778 11
17779 19
17780 11
17781 19
17782 11
17783 19
17784 11
17785 17
17786 11
17787 11
17788 11
17789 27
17790 11
17791 47
17792 11
17793 17
17794 11
17795 17
17796 11
17797 11
17798 11
17799 17
17800 11
17801 17
17802 11
17803 17
17804 11
17805 17
17806 11
17807 47
17808 11
17809 25
17810 11
17811 36
17812 11
17813 17
17814 11
17815 17
17816 11
17817 11
17818 11
17819 11
17820 11
17821 17
17822 11
17823 17
17824 11
17825 17
17826 11
17827 11
17828 11
17829 17
17830 11
17831 11
17832 11
17833 25
17834 11
17835 11
17836 11
17837 11
17838 11
17839 19
17840 11
17841 11
17842 11
17843 11
17844 11
17845 27
17846 11
17847 17
17848 11
17849 11
17850 11
17851 11
17852 11
17853 17
17854 11
17855 17
17856 11
17857 17
17858 11
17859 11
17860 11
17861 11
17862 11
17863 11
17864 11
17865 11
17866 11
17867 11
17868 11
17869 11
17870 11
17871 11
17872 11
17873 11
17874 11
17875 57
17876 11
17877 17
17878 11
17879 11
17880 11
17881 17
17882 11
17883 11
17884 11
17885 25
17886 11
17887 17
17888 11
17889 17
17890 11
17891 17
17892 11
17893 11
17894 11
17895 19
17896 11
17897 11
17898 11
17899 11
17900 11
17901 44
17902 11
17903 11
17904 11
17905 11
17906 11
17907 11
17908 11
17909 36
17910 11
17911 17
17912 11
17913 17
17914 11
17915 19
17916 11
17917 17
17918 11
17919 17
17920 11
17921 17
17922 11
17923 11
17924 11
17925 11
17926 11
17927 11
17928 11
17929 25
17930 11
17931 11
17932 11
17933 11
17934 11
17935 11
17936 11
17937 11
17938 11
17939 11
17940 11
17941 17
17942 11
17943 17
17944 11
17945 17
17946 11
17947 11
17948 11
17949 57
17950 11
17951 27
17952 11
17953 27
17954 11
17955 17
17956 6
17957 17
17958 6
17959 11
17960 6
17961 30
17962 6
17963 17
17964 6
17965 17
17966 6
17967 17
17968 6
17969 17
17970 6
17971 11
17972 6
17973 27
17974 6
17975 17
17976 6
17977 17
17978 6
17979 17
17980 6
17981 17
17982 6
17983 11
17984 6
17985 11
17986 6
17987 17
17988 6
17989 17
17990 6
17991 17
17992 6
17993 17
17994 6
17995 27
17996 6
17997 19
17998 6
17999 17
18000 6
18001 17
18002 6
18003 17
18004 6
18005 11
18006 6
18007 17
18008 6
18009 17
18010 6
18011 17
18012 6
18013 17
18014 6
18015 17
18016 6
18017 27
18018 6
18019 25
18020 6
18021 25
18022 6
18023 19
18024 6
18025 25
18026 6
18027 17
18028 6
18029 17
18030 6
18031 17
18032 6
18033 19
18034 6
18035 17
18036 6
18037 17
18038 6
18039 17
18040 6
18041 17
18042 6
18043 17
18044 6
18045 11
18046 6
18047 11
18048 6
18049 11
18050 6
18051 11
18052 6
18053 17
18054 6
18055 11
18056 6
18057 28
18058 6
18059 11
18060 6
18061 17
18062 6
18063 19
18064 6
18065 17
18066 6
18067 11
18068 6
18069 17
18070 6
18071 11
18072 6
18073 11
18074 6
18075 17
18076 6
18077 17
18078 6
18079 46
18080 6
18081 25
18082 6
18083 25
18084 6
18085 11
18086 6
18087 25
18088 6
18089 25
18090 6
18091 36
18092 6
18093 11
18094 6
18095 11
18096 6
18097 17
18098 6
18099 17
18100 6
18101 11
18102 6
18103 11
18104 6
18105 11
18106 6
18107 17
18108 6
18109 11
18110 6
18111 11
18112 6
18113 11
18114 6
18115 17
18116 6
18117 17
18118 6
18119 11
18120 6
18121 11
18122 6
18123 11
18124 6
18125 17
18126 6
18127 17
18128 6
18129 17
18130 6
18131 17
18132 6
18133 17
18134 6
18135 17
18136 6
18137 17
18138 6
18139 11
18140 6
18141 11
18142 6
18143 11
18144 6
18145 11
18146 6
18147 11
18148 6
18149 27
18150 6
18151 25
18152 6
18153 27
18154 6
18155 46
18156 6
18157 11
18158 6
18159 17
18160 6
18161 17
18162 6
18163 17
18164 6
18165 11
18166 6
18167 11
18168 6
18169 27
18170 6
18171 11
18172 6
18173 11
18174 6
18175 11
18176 6
18177 63
18178 6
18179 11
18180 6
18181 11
18182 6
18183 11
18184 6
18185 11
18186 6
18187 17
18188 6
18189 17
18190 6
18191 11
18192 6
18193 25
18194 6
18195 17
18196 6
18197 11
18198 6
18199 11
18200 6
18201 11
18202 6
18203 36
18204 6
18205 11
18206 6
18207 11
18208 6
18209 11
18210 6
18211 11
18212 6
18213 11
18214 6
18215 11
18216 6
18217 11
18218 6
18219 17
18220 6
18221 11
18222 6
18223 17
18224 6
18225 27
18226 17
18227 17
18228 17
18229 11
18230 17
18231 17
18232 17
18233 11
18234 17
18235 28
18236 17
18237 25
18238 17
18239 28
18240 17
18241 44
18242 17
18243 28
18244 17
18245 28
18246 17
18247 52
18248 17
18249 17
18250 17
18251 11
18252 17
18253 11
18254 17
18255 17
18256 17
18257 17
18258 17
18259 19
18260 17
18261 17
18262 17
18263 19
18264 17
18265 11
18266 17
18267 19
18268 17
18269 19
18270 17
18271 25
18272 17
18273 28
18274 17
18275 19
18276 17
18277 19
18278 17
18279 17
18280 17
18281 44
18282 17
18283 36
18284 17
18285 17
18286 17
18287 17
18288 17
18289 17
18290 17
18291 17
18292 17
18293 17
18294 17
18295 39
18296 17
18297 11
18298 17
18299 11
18300 17
18301 36
18302 17
18303 11
18304 17
18305 11
18306 17
18307 11
18308 17
18309 11
18310 17
18311 17
18312 17
18313 17
18314 17
18315 17
18316 17
18317 17
18318 17
18319 17
18320 17
18321 17
18322 17
18323 17
18324 17
18325 11
18326 17
18327 11
18328 17
18329 28
18330 17
18331 17
18332 17
18333 25
18334 17
18335 11
18336 17
18337 11
18338 17
18339 11
18340 17
18341 17
18342 17
18343 17
18344 17
18345 17
18346 17
18347 11
18348 17
18349 17
18350 17
18351 17
18352 17
18353 17
18354 17
18355 17
18356 17
18357 25
18358 17
18359 11
18360 17
18361 11
18362 17
18363 11
18364 17
18365 25
18366 17
18367 71
18368 17
18369 11
18370 17
18371 11
18372 17
18373 66
18374 17
18375 17
18376 17
18377 11
18378 17
18379 17
18380 17
18381 17
18382 17
18383 57
18384 17
18385 17
18386 17
18387 11
18388 17
18389 28
18390 17
18391 11
18392 17
18393 25
18394 17
18395 11
18396 17
18397 11
18398 17
18399 11
18400 17
18401 11
18402 17
18403 25
18404 17
18405 17
18406 17
18407 11
18408 17
18409 17
18410 17
18411 11
18412 17
18413 44
18414 17
18415 17
18416 17
18417 27
18418 17
18419 11
18420 17
18421 11
18422 17
18423 11
18424 17
18425 19
18426 17
18427 11
18428 17
18429 11
18430 17
18431 11
18432 17
18433 11
18434 17
18435 17
18436 17
18437 11
18438 17
18439 17
18440 17
18441 17
18442 17
18443 36
18444 17
18445 76
18446 17
18447 17
18448 17
18449 17
18450 17
18451 19
18452 17
18453 36
18454 17
18455 11
18456 17
18457 11
18458 17
18459 11
18460 17
18461 11
18462 17
18463 11
18464 17
18465 17
18466 17
18467 17
18468 17
18469 17
18470 17
18471 11
18472 17
18473 44
18474 17
18475 11
18476 17
18477 17
18478 17
18479 17
18480 17
18481 11
18482 17
18483 11
18484 17
18485 11
18486 17
18487 11
18488 17
18489 11
18490 17
18491 11
18492 17
18493 11
18494 17
18495 11
18496 6
18497 17
18498 6
18499 17
18500 6
18501 17
18502 6
18503 17
18504 6
18505 17
18506 6
18507 17
18508 6
18509 17
18510 6
18511 17
18512 6
18513 17
18514 6
18515 17
18516 6
18517 36
18518 6
18519 19
18520 6
18521 27
18522 6
18523 17
18524 6
18525 17
18526 6
18527 17
18528 6
18529 25
18530 6
18531 19
18532 6
18533 11
18534 6
18535 17
18536 6
18537 17
18538 6
18539 11
18540 6
18541 17
18542 6
18543 17
18544 6
18545 17
18546 6
18547 11
18548 6
18549 11
18550 6
18551 17
18552 6
18553 17
18554 6
18555 25
18556 6
18557 17
18558 6
18559 17
18560 6
18561 25
18562 6
18563 17
18564 6
18565 36
18566 6
18567 38
18568 6
18569 17
18570 6
18571 25
18572 6
18573 17
18574 6
18575 11
18576 6
18577 11
18578 6
18579 11
18580 6
18581 19
18582 6
18583 11
18584 6
18585 11
18586 6
18587 11
18588 6
18589 11
18590 6
18591 17
18592 6
18593 44
18594 6
18595 25
18596 6
18597 17
18598 6
18599 17
18600 6
18601 17
18602 6
18603 11
18604 6
18605 11
18606 6
18607 11
18608 6
18609 11
18610 6
18611 11
18612 6
18613 11
18614 6
18615 17
18616 6
18617 11
18618 6
18619 27
18620 6
18621 19
18622 6
18623 17
18624 6
18625 25
18626 6
18627 11
18628 6
18629 17
18630 6
18631 17
18632 6
18633 19
18634 6
18635 19
18636 6
18637 11
18638 6
18639 11
18640 6
18641 63
18642 6
18643 11
18644 6
18645 44
18646 6
18647 11
18648 6
18649 11
18650 6
18651 11
18652 6
18653 11
18654 6
18655 11
18656 6
18657 25
18658 6
18659 11
18660 6
18661 17
18662 6
18663 17
18664 6
18665 17
18666 6
18667 11
18668 6
18669 11
18670 6
18671 11
18672 6
18673 11
18674 6
18675 11
18676 6
18677 11
18678 6
18679 11
18680 6
18681 11
18682 6
18683 17
18684 6
18685 17
18686 6
18687 17
18688 6
18689 17
18690 6
18691 17
18692 6
18693 17
18694 6
18695 17
18696 6
18697 11
18698 6
18699 17
18700 6
18701 17
18702 6
18703 17
18704 6
18705 11
18706 6
18707 11
18708 6
18709 11
18710 6
18711 17
18712 6
18713 82
18714 6
18715 11
18716 6
18717 6
18718 6
18719 6
18720 6
18721 36
18722 6
18723 19
18724 6
18725 6
18726 6
18727 6
18728 6
18729 25
18730 6
18731 11
18732 6
18733 11
18734 6
18735 25
18736 6
18737 25
18738 6
18739 11
18740 6
18741 11
18742 6
18743 82
18744 6
18745 6
18746 6
18747 11
18748 6
18749 6
18750 6
18751 6
18752 6
18753 25
18754 6
18755 6
18756 6
18757 17
18758 6
18759 6
18760 6
18761 11
18762 6
18763 11
18764 6
18765 19
18766 6
18767 11
18768 6
18769 11
18770 11
18771 11
18772 11
18773 11
18774 11
18775 11
18776 11
18777 25
18778 11
18779 6
18780 11
18781 52
18782 11
18783 6
18784 11
18785 11
18786 11
18787 6
18788 11
18789 6
18790 11
18791 57
18792 11
18793 11
18794 11
18795 11
18796 11
18797 11
18798 11
18799 11
18800 11
18801 36
18802 11
18803 17
18804 11
18805 11
18806 11
18807 90
18808 11
18809 11
18810 11
18811 6
18812 11
18813 6
18814 11
18815 11
18816 11
18817 25
18818 11
18819 6
18820 11
18821 6
18822 11
18823 38
18824 11
18825 11
18826 11
18827 11
18828 11
18829 11
18830 11
18831 11
18832 11
18833 11
18834 11
18835 11
18836 11
18837 11
18838 11
18839 11
18840 11
18841 11
18842 11
18843 6
18844 11
18845 6
18846 11
18847 6
18848 11
18849 6
18850 11
18851 6
18852 11
18853 6
18854 11
18855 11
18856 11
18857 11
18858 11
18859 11
18860 11
18861 11
18862 11
18863 11
18864 11
18865 11
18866 11
18867 11
18868 11
18869 11
18870 11
18871 6
18872 11
18873 6
18874 11
18875 6
18876 11
18877 6
18878 11
18879 11
18880 11
18881 11
18882 11
18883 11
18884 11
18885 11
18886 11
18887 11
18888 11
18889 11
18890 11
18891 11
18892 11
18893 11
18894 11
18895 66
18896 11
18897 25
18898 11
18899 11
18900 11
18901 11
18902 11
18903 11
18904 11
18905 11
18906 11
18907 6
18908 11
18909 6
18910 11
18911 11
18912 11
18913 19
18914 11
18915 6
18916 11
18917 11
18918 11
18919 27
18920 11
18921 11
18922 11
18923 11
18924 11
18925 11
18926 11
18927 11
18928 11
18929 11
18930 11
18931 11
18932 11
18933 6
18934 11
18935 11
18936 11
18937 6
18938 11
18939 6
18940 11
18941 11
18942 11
18943 6
18944 11
18945 11
18946 11
18947 6
18948 11
18949 25
18950 11
18951 11
18952 11
18953 25
18954 11
18955 11
18956 11
18957 25
18958 11
18959 11
18960 11
18961 36
18962 11
18963 11
18964 11
18965 25
18966 11
18967 19
18968 11
18969 6
18970 11
18971 19
18972 11
18973 6
18974 11
18975 27
18976 11
18977 25
18978 11
18979 6
18980 11
18981 25
18982 11
18983 11
18984 11
18985 11
18986 11
18987 11
18988 11
18989 19
18990 11
18991 11
18992 11
18993 11
18994 11
18995 25
18996 11
18997 11
18998 11
18999 6
19000 11
19001 6
19002 11
19003 19
19004 11
19005 11
19006 11
19007 6
19008 11
19009 6
19010 11
19011 19
19012 11
19013 11
19014 11
19015 11
19016 11
19017 11
19018 11
19019 11
19020 11
19021 11
19022 11
19023 11
19024 11
19025 19
19026 11
19027 11
19028 11
19029 11
19030 11
19031 11
19032 11
19033 36
19034 11
19035 19
19036 11
19037 44
19038 11
19039 11
19040 11
19041 11
19042 11
19043 11
19044 6
19045 11
19046 6
19047 25
19048 6
19049 25
19050 6
19051 11
19052 6
19053 11
19054 6
19055 19
19056 6
19057 11
19058 6
19059 11
19060 6
19061 11
19062 6
19063 19
19064 6
19065 6
19066 6
19067 6
19068 6
19069 6
19070 6
19071 6
19072 6
19073 25
19074 6
19075 19
19076 6
19077 38
19078 6
19079 11
19080 6
19081 11
19082 6
19083 19
19084 6
19085 11
19086 6
19087 11
19088 6
19089 6
19090 6
19091 11
19092 6
19093 11
19094 6
19095 6
19096 6
19097 6
19098 6
19099 19
19100 6
19101 19
19102 6
19103 6
19104 6
19105 19
19106 6
19107 19
19108 6
19109 19
19110 6
19111 25
19112 6
19113 8
19114 6
19115 19
19116 6
19117 19
19118 6
19119 19
19120 6
19121 19
19122 6
19123 8
19124 6
19125 6
19126 6
19127 85
19128 6
19129 6
19130 6
19131 25
19132 6
19133 6
19134 6
19135 57
19136 6
19137 8
19138 6
19139 57
19140 6
19141 8
19142 6
19143 11
19144 6
19145 8
19146 6
19147 19
19148 6
19149 8
19150 6
19151 8
19152 6
19153 8
19154 6
19155 6
19156 6
19157 11
19158 6
19159 6
19160 6
19161 6
19162 6
19163 11
19164 6
19165 6
19166 6
19167 6
19168 6
19169 8
19170 6
19171 36
19172 6
19173 36
19174 6
19175 85
19176 6
19177 28
19178 6
19179 36
19180 6
19181 19
19182 6
19183 25
19184 6
19185 6
19186 6
19187 6
19188 6
19189 6
19190 6
19191 9
19192 6
19193 19
19194 6
19195 6
19196 6
19197 6
19198 6
19199 8
19200 6
19201 28
19202 6
19203 19
19204 6
19205 9
19206 6
19207 8
19208 6
19209 8
19210 6
19211 8
19212 6
19213 8
19214 6
19215 6
19216 6
19217 6
19218 6
19219 6
19220 6
19221 6
19222 6
19223 28
19224 6
19225 9
19226 6
19227 28
19228 6
19229 28
19230 6
19231 28
19232 6
19233 11
19234 6
19235 85
19236 6
19237 8
19238 6
19239 8
19240 6
19241 8
19242 6
19243 8
19244 6
19245 8
19246 6
19247 6
19248 6
19249 6
19250 6
19251 17
19252 6
19253 17
19254 6
19255 9
19256 6
19257 6
19258 6
19259 6
19260 6
19261 6
19262 6
19263 19
19264 6
19265 9
19266 6
19267 36
19268 6
19269 11
19270 6
19271 11
19272 6
19273 11
19274 6
19275 17
19276 6
19277 11
19278 6
19279 6
19280 6
19281 9
19282 6
19283 52
19284 6
19285 6
19286 6
19287 17
19288 6
19289 17
19290 6
19291 6
19292 6
19293 9
19294 6
19295 9
19296 6
19297 9
19298 6
19299 9
19300 6
19301 9
19302 6
19303 9
19304 6
19305 9
19306 6
19307 9
19308 6
19309 9
19310 6
19311 6
19312 6
19313 9
19314 6
19315 6
19316 6
19317 9
19318 6
19319 6
19320 6
19321 47
19322 6
19323 6
19324 6
19325 9
19326 6
19327 9
19328 6
19329 25
19330 6
19331 9
19332 6
19333 19
19334 6
19335 9
19336 6
19337 19
19338 6
19339 9
19340 6
19341 6
19342 6
19343 9
19344 6
19345 6
19346 6
19347 9
19348 6
19349 9
19350 6
19351 6
19352 6
19353 9
19354 6
19355 9
19356 6
19357 11
19358 6
19359 9
19360 6
19361 19
19362 6
19363 11
19364 6
19365 11
19366 6
19367 9
19368 6
19369 17
19370 6
19371 11
19372 6
19373 6
19374 6
19375 19
19376 6
19377 44
19378 6
19379 17
19380 6
19381 6
19382 6
19383 6
19384 6
19385 6
19386 6
19387 8
19388 6
19389 11
19390 6
19391 9
19392 6
19393 11
19394 6
19395 11
19396 6
19397 11
19398 6
19399 11
19400 6
19401 11
19402 6
19403 11
19404 6
19405 6
19406 6
19407 11
19408 6
19409 11
19410 6
19411 47
19412 6
19413 25
19414 6
19415 9
19416 6
19417 8
19418 6
19419 25
19420 6
19421 17
19422 6
19423 8
19424 6
19425 8
19426 6
19427 8
19428 6
19429 8
19430 6
19431 8
19432 6
19433 8
19434 6
19435 28
19436 6
19437 9
19438 6
19439 47
19440 6
19441 8
19442 6
19443 6
19444 6
19445 6
19446 6
19447 6
19448 6
19449 19
19450 6
19451 25
19452 6
19453 25
19454 6
19455 8
19456 6
19457 8
19458 6
19459 25
19460 6
19461 25
19462 6
19463 8
19464 6
19465 8
19466 6
19467 19
19468 6
19469 6
19470 6
19471 6
19472 6
19473 8
19474 6
19475 8
19476 6
19477 6
19478 6
19479 17
19480 6
19481 11
19482 6
19483 8
19484 6
19485 19
19486 6
19487 8
19488 6
19489 8
19490 6
19491 8
19492 6
19493 8
19494 6
19495 19
19496 6
19497 8
19498 6
19499 19
19500 6
19501 6
19502 6
19503 8
19504 6
19505 6
19506 6
19507 28
19508 6
19509 6
19510 6
19511 28
19512 6
19513 6
19514 6
19515 25
19516 6
19517 9
19518 6
19519 9
19520 6
19521 9
19522 6
19523 9
19524 6
19525 9
19526 6
19527 9
19528 6
19529 28
19530 6
19531 6
19532 6
19533 6
19534 6
19535 9
19536 6
19537 6
19538 6
19539 17
19540 6
19541 19
19542 6
19543 6
19544 6
19545 9
19546 6
19547 9
19548 6
19549 9
19550 6
19551 9
19552 6
19553 17
19554 6
19555 19
19556 6
19557 9
19558 6
19559 9
19560 6
19561 6
19562 6
19563 25
19564 6
19565 9
19566 6
19567 6
19568 6
19569 6
19570 6
19571 6
19572 6
19573 28
19574 6
19575 28
19576 6
19577 9
19578 6
19579 9
19580 6
19581 9
19582 6
19583 9
19584 6
19585 9
19586 6
19587 9
19588 6
19589 9
19590 6
19591 9
19592 6
19593 6
19594 6
19595 6
19596 6
19597 6
19598 6
19599 6
19600 6
19601 6
19602 6
19603 6
19604 6
19605 6
19606 6
19607 6
19608 6
19609 9
19610 6
19611 9
19612 6
19613 9
19614 6
19615 9
19616 6
19617 9
19618 6
19619 9
19620 6
19621 11
19622 6
19623 9
19624 6
19625 36
19626 6
19627 9
19628 6
19629 6
19630 6
19631 6
19632 6
19633 6
19634 6
19635 19
19636 6
19637 38
19638 6
19639 6
19640 6
19641 9
19642 6
19643 9
19644 6
19645 9
19646 6
19647 9
19648 6
19649 9
19650 6
19651 9
19652 6
19653 25
19654 6
19655 9
19656 6
19657 6
19658 6
19659 8
19660 6
19661 9
19662 6
19663 6
19664 6
19665 28
19666 6
19667 6
19668 6
19669 6
19670 6
19671 8
19672 6
19673 8
19674 6
19675 25
19676 6
19677 20
19678 6
19679 8
19680 6
19681 9
19682 6
19683 8
19684 6
19685 8
19686 6
19687 6
19688 6
19689 8
19690 6
19691 6
19692 6
19693 28
19694 6
19695 6
19696 6
19697 25
19698 6
19699 6
19700 6
19701 25
19702 6
19703 8
19704 6
19705 8
19706 6
19707 8
19708 6
19709 25
19710 6
19711 8
19712 6
19713 8
19714 6
19715 19
19716 6
19717 8
19718 6
19719 28
19720 6
19721 8
19722 6
19723 6
19724 6
19725 9
19726 6
19727 25
19728 6
19729 6
19730 6
19731 44
19732 6
19733 8
19734 6
19735 25
19736 6
19737 25
19738 6
19739 11
19740 6
19741 19
19742 6
19743 25
19744 6
19745 25
19746 6
19747 9
19748 6
19749 8
19750 6
19751 6
19752 6
19753 6
19754 6
19755 6
19756 6
19757 9
19758 6
19759 9
19760 6
19761 20
19762 6
19763 8
19764 6
19765 6
19766 6
19767 25
19768 6
19769 25
19770 6
19771 25
19772 6
19773 25
19774 6
19775 25
19776 6
19777 44
19778 6
19779 25
19780 6
19781 25
19782 6
19783 25
19784 6
19785 28
19786 6
19787 19
19788 6
19789 19
19790 6
19791 9
19792 6
19793 44
19794 6
19795 9
19796 6
19797 9
19798 6
19799 28
19800 6
19801 9
19802 6
19803 9
19804 6
19805 9
19806 6
19807 9
19808 6
19809 9
19810 6
19811 9
19812 6
19813 25
19814 6
19815 9
19816 6
19817 9
19818 6
19819 6
19820 6
19821 6
19822 6
19823 6
19824 6
19825 25
19826 6
19827 9
19828 6
19829 6
19830 6
19831 9
19832 6
19833 9
19834 6
19835 25
19836 6
19837 9
19838 6
19839 9
19840 6
19841 11
19842 6
19843 25
19844 6
19845 6
19846 6
19847 11
19848 6
19849 9
19850 6
19851 6
19852 6
19853 101
19854 6
19855 19
19856 6
19857 6
19858 6
19859 9
19860 6
19861 27
19862 6
19863 27
19864 6
19865 11
19866 6
19867 27
19868 6
19869 25
19870 6
19871 27
19872 6
19873 19
19874 6
19875 27
19876 6
19877 11
19878 6
19879 6
19880 6
19881 52
19882 6
19883 6
19884 6
19885 36
19886 6
19887 6
19888 6
19889 11
19890 6
19891 6
19892 6
19893 9
19894 6
19895 9
19896 6
19897 9
19898 6
19899 9
19900 6
19901 9
19902 6
19903 25
19904 6
19905 9
19906 6
19907 25
19908 6
19909 9
19910 6
19911 6
19912 6
19913 9
19914 6
19915 25
19916 6
19917 6
19918 6
19919 27
19920 6
19921 36
19922 6
19923 6
19924 6
19925 11
19926 6
19927 19
19928 6
19929 8
19930 6
19931 11
19932 6
19933 11
19934 6
19935 11
19936 6
19937 11
19938 6
19939 11
19940 6
19941 6
19942 6
19943 6
19944 6
19945 25
19946 6
19947 8
19948 6
19949 11
19950 6
19951 57
19952 6
19953 6
19954 6
19955 6
19956 6
19957 8
19958 6
19959 8
19960 6
19961 8
19962 6
19963 8
19964 6
19965 11
19966 6
19967 11
19968 6
19969 25
19970 6
19971 25
19972 6
19973 19
19974 6
19975 11
19976 6
19977 8
19978 6
19979 8
19980 6
19981 8
19982 6
19983 11
19984 6
19985 19
19986 6
19987 19
19988 6
19989 19
19990 6
19991 19
19992 6
19993 19
19994 6
19995 19
19996 6
19997 19
19998 6
19999 19
20000 6
20001 27
20002 6
20003 11
20004 6
20005 25
20006 6
20007 8
20008 6
20009 8
20010 6
20011 8
20012 6
20013 25
20014 6
20015 11
20016 6
20017 8
20018 6
20019 8
20020 6
20021 82
20022 6
20023 17
20024 6
20025 8
20026 6
20027 8
20028 6
20029 8
20030 6
20031 38
20032 6
20033 8
20034 6
20035 8
20036 6
20037 11
20038 6
20039 8
20040 6
20041 8
20042 6
20043 25
20044 6
20045 8
20046 6
20047 8
20048 6
20049 90
20050 6
20051 25
20052 6
20053 25
20054 6
20055 25
20056 6
20057 11
20058 6
20059 25
20060 6
20061 27
20062 6
20063 25
20064 6
20065 25
20066 6
20067 25
20068 6
20069 8
20070 6
20071 47
20072 6
20073 8
20074 6
20075 25
20076 6
20077 25
20078 6
20079 8
20080 6
20081 25
20082 6
20083 25
20084 6
20085 11
20086 6
20087 25
20088 6
20089 17
20090 6
20091 25
20092 6
20093 25
20094 6
20095 11
20096 6
20097 25
20098 6
20099 8
20100 6
20101 47
20102 6
20103 8
20104 6
20105 8
20106 6
20107 39
20108 6
20109 8
20110 6
20111 8
20112 6
20113 25
20114 6
20115 25
20116 6
20117 17
20118 6
20119 17
20120 6
20121 20
20122 6
20123 27
20124 6
20125 25
20126 6
20127 17
20128 6
20129 17
20130 6
20131 25
20132 6
20133 17
20134 6
20135 11
20136 6
20137 8
20138 6
20139 8
20140 6
20141 8
20142 6
20143 8
20144 6
20145 25
20146 6
20147 17
20148 6
20149 25
20150 6
20151 11
20152 6
20153 27
20154 6
20155 25
20156 6
20157 17
20158 6
20159 57
20160 6
20161 25
20162 6
20163 25
20164 6
20165 25
20166 6
20167 20
20168 6
20169 17
20170 6
20171 17
20172 6
20173 11
20174 6
20175 47
20176 6
20177 27
20178 6
20179 25
20180 6
20181 17
20182 6
20183 17
20184 6
20185 25
20186 6
20187 25
20188 6
20189 25
20190 6
20191 25
20192 6
20193 28
20194 6
20195 17
20196 6
20197 8
20198 6
20199 8
20200 6
20201 8
20202 6
20203 11
20204 6
20205 11
20206 6
20207 28
20208 6
20209 8
20210 6
20211 28
20212 6
20213 8
20214 6
20215 8
20216 6
20217 28
20218 6
20219 28
20220 6
20221 44
20222 6
20223 28
20224 6
20225 28
20226 6
20227 11
20228 6
20229 8
20230 6
20231 8
20232 6
20233 8
20234 6
20235 8
20236 6
20237 11
20238 6
20239 17
20240 6
20241 8
20242 6
20243 25
20244 6
20245 25
20246 6
20247 8
20248 6
20249 25
20250 6
20251 25
20252 6
20253 25
20254 6
20255 25
20256 6
20257 17
20258 6
20259 8
20260 6
20261 11
20262 6
20263 8
20264 6
20265 8
20266 6
20267 8
20268 6
20269 8
20270 6
20271 8
20272 6
20273 8
20274 6
20275 17
20276 6
20277 8
20278 6
20279 28
20280 6
20281 122
20282 6
20283 8
20284 6
20285 17
20286 6
20287 8
20288 6
20289 8
20290 6
20291 11
20292 6
20293 8
20294 6
20295 8
20296 6
20297 38
20298 6
20299 8
20300 6
20301 8
20302 6
20303 8
20304 6
20305 11
20306 6
20307 8
20308 6
20309 8
20310 6
20311 17
20312 6
20313 17
20314 6
20315 25
20316 6
20317 8
20318 6
20319 8
20320 6
20321 8
20322 6
20323 17
20324 6
20325 11
20326 6
20327 11
20328 6
20329 8
20330 6
20331 8
20332 6
20333 8
20334 6
20335 8
20336 6
20337 38
20338 6
20339 25
20340 6
20341 25
20342 6
20343 17
20344 6
20345 25
20346 6
20347 11
20348 6
20349 17
20350 6
20351 38
20352 6
20353 38
20354 6
20355 38
20356 6
20357 38
20358 6
20359 17
20360 6
20361 11
20362 6
20363 17
20364 6
20365 25
20366 6
20367 39
20368 6
20369 38
20370 6
20371 39
20372 6
20373 38
20374 6
20375 38
20376 6
20377 38
20378 6
20379 38
20380 6
20381 25
20382 6
20383 25
20384 6
20385 11
20386 6
20387 8
20388 6
20389 8
20390 6
20391 8
20392 6
20393 39
20394 6
20395 25
20396 6
20397 8
20398 6
20399 8
20400 6
20401 25
20402 6
20403 20
20404 6
20405 38
20406 6
20407 38
20408 6
20409 17
20410 6
20411 38
20412 6
20413 38
20414 6
20415 11
20416 6
20417 17
20418 6
20419 8
20420 6
20421 39
20422 6
20423 38
20424 6
20425 8
20426 6
20427 38
20428 6
20429 8
20430 6
20431 8
20432 6
20433 20
20434 6
20435 38
20436 6
20437 25
20438 6
20439 38
20440 6
20441 38
20442 6
20443 38
20444 6
20445 38
20446 6
20447 38
20448 6
20449 17
20450 8
20451 8
20452 8
20453 17
20454 8
20455 8
20456 8
20457 39
20458 8
20459 8
20460 8
20461 17
20462 8
20463 8
20464 8
20465 17
20466 8
20467 8
20468 8
20469 8
20470 8
20471 11
20472 8
20473 8
20474 8
20475 17
20476 8
20477 25
20478 8
20479 8
20480 8
20481 36
20482 8
20483 8
20484 8
20485 8
20486 8
20487 20
20488 8
20489 20
20490 8
20491 8
20492 8
20493 8
20494 8
20495 28
20496 8
20497 25
20498 8
20499 8
20500 8
20501 8
20502 8
20503 11
20504 8
20505 11
20506 8
20507 8
20508 8
20509 8
20510 8
20511 8
20512 8
20513 17
20514 8
20515 8
20516 8
20517 17
20518 8
20519 8
20520 8
20521 8
20522 8
20523 8
20524 8
20525 8
20526 8
20527 25
20528 8
20529 11
20530 8
20531 38
20532 8
20533 8
20534 8
20535 20
20536 8
20537 47
20538 8
20539 11
20540 8
20541 8
20542 8
20543 25
20544 8
20545 39
20546 8
20547 38
20548 8
20549 11
20550 8
20551 28
20552 8
20553 8
20554 8
20555 20
20556 8
20557 8
20558 8
20559 27
20560 8
20561 9
20562 8
20563 8
20564 8
20565 8
20566 8
20567 8
20568 8
20569 8
20570 8
20571 8
20572 8
20573 9
20574 8
20575 8
20576 8
20577 8
20578 8
20579 8
20580 8
20581 8
20582 8
20583 9
20584 8
20585 27
20586 8
20587 27
20588 8
20589 8
20590 8
20591 8
20592 8
20593 8
20594 8
20595 44
20596 8
20597 27
20598 8
20599 27
20600 8
20601 27
20602 8
20603 27
20604 8
20605 27
20606 8
20607 17
20608 8
20609 8
20610 8
20611 8
20612 8
20613 9
20614 8
20615 8
20616 8
20617 8
20618 8
20619 9
20620 8
20621 8
20622 8
20623 17
20624 8
20625 63
20626 8
20627 63
20628 8
20629 28
20630 8
20631 63
20632 8
20633 9
20634 8
20635 63
20636 8
20637 27
20638 8
20639 63
20640 8
20641 25
20642 8
20643 8
20644 8
20645 25
20646 8
20647 8
20648 8
20649 27
20650 8
20651 8
20652 8
20653 9
20654 8
20655 39
20656 8
20657 9
20658 8
20659 25
20660 8
20661 9
20662 8
20663 17
20664 8
20665 25
20666 8
20667 9
20668 8
20669 9
20670 8
20671 9
20672 8
20673 8
20674 8
20675 25
20676 8
20677 17
20678 8
20679 8
20680 8
20681 25
20682 8
20683 38
20684 8
20685 8
20686 8
20687 8
20688 8
20689 9
20690 8
20691 25
20692 8
20693 9
20694 8
20695 9
20696 8
20697 63
20698 8
20699 17
20700 8
20701 17
20702 8
20703 9
20704 8
20705 8
20706 8
20707 8
20708 8
20709 9
20710 8
20711 38
20712 8
20713 28
20714 8
20715 27
20716 8
20717 8
20718 8
20719 8
20720 8
20721 9
20722 8
20723 9
20724 8
20725 9
20726 8
20727 9
20728 8
20729 9
20730 8
20731 9
20732 8
20733 9
20734 8
20735 9
20736 9
20737 8
20738 9
20739 8
20740 9
20741 8
20742 9
20743 8
20744 9
20745 8
20746 9
20747 8
20748 9
20749 8
20750 9
20751 8
20752 9
20753 9
20754 9
20755 9
20756 9
20757 33
20758 9
20759 33
20760 9
20761 25
20762 9
20763 17
20764 9
20765 9
20766 9
20767 9
20768 9
20769 8
20770 9
20771 25
20772 9
20773 33
20774 9
20775 9
20776 9
20777 8
20778 9
20779 8
20780 9
20781 27
20782 9
20783 17
20784 9
20785 8
20786 9
20787 8
20788 9
20789 33
20790 9
20791 17
20792 9
20793 8
20794 9
20795 17
20796 9
20797 27
20798 9
20799 8
20800 9
20801 8
20802 9
20803 28
20804 9
20805 8
20806 9
20807 8
20808 9
20809 9
20810 9
20811 8
20812 9
20813 17
20814 9
20815 8
20816 9
20817 17
20818 9
20819 17
20820 9
20821 17
20822 9
20823 8
20824 9
20825 17
20826 9
20827 8
20828 9
20829 17
20830 9
20831 9
20832 9
20833 8
20834 9
20835 44
20836 9
20837 8
20838 9
20839 17
20840 9
20841 8
20842 9
20843 8
20844 9
20845 8
20846 9
20847 8
20848 9
20849 28
20850 9
20851 8
20852 9
20853 25
20854 9
20855 8
20856 9
20857 8
20858 9
20859 20
20860 9
20861 8
20862 9
20863 8
20864 9
20865 8
20866 9
20867 8
20868 9
20869 8
20870 9
20871 17
20872 9
20873 8
20874 9
20875 8
20876 9
20877 9
20878 9
20879 17
20880 9
20881 17
20882 9
20883 17
20884 9
20885 9
20886 9
20887 25
20888 9
20889 17
20890 9
20891 17
20892 9
20893 17
20894 9
20895 20
20896 9
20897 20
20898 9
20899 9
20900 9
20901 8
20902 9
20903 8
20904 9
20905 8
20906 9
20907 8
20908 9
20909 20
20910 9
20911 57
20912 9
20913 17
20914 9
20915 17
20916 9
20917 17
20918 9
20919 9
20920 9
20921 20
20922 9
20923 20
20924 9
20925 20
20926 9
20927 20
20928 9
20929 8
20930 9
20931 8
20932 9
20933 8
20934 9
20935 8
20936 9
20937 20
20938 9
20939 25
20940 9
20941 17
20942 9
20943 20
20944 9
20945 20
20946 9
20947 33
20948 9
20949 20
20950 9
20951 9
20952 9
20953 9
20954 9
20955 9
20956 9
20957 9
20958 9
20959 25
20960 9
20961 44
20962 9
20963 20
20964 9
20965 8
20966 9
20967 8
20968 9
20969 17
20970 9
20971 20
20972 9
20973 33
20974 9
20975 8
20976 9
20977 20
20978 9
20979 20
20980 9
20981 20
20982 9
20983 20
20984 9
20985 25
20986 9
20987 9
20988 9
20989 20
20990 9
20991 20
20992 9
20993 65
20994 9
20995 8
20996 9
20997 28
20998 9
20999 47
21000 9
21001 8
21002 9
21003 20
21004 9
21005 8
21006 9
21007 8
21008 9
21009 20
21010 9
21011 20
21012 9
21013 8
21014 9
21015 20
21016 9
21017 20
21018 9
21019 20
21020 9
21021 20
21022 9
21023 20
21024 9
21025 20
21026 8
21027 8
21028 8
21029 8
21030 8
21031 8
21032 8
21033 20
21034 8
21035 8
21036 8
21037 17
21038 8
21039 8
21040 8
21041 17
21042 8
21043 17
21044 8
21045 17
21046 8
21047 25
21048 8
21049 17
21050 8
21051 8
21052 8
21053 8
21054 8
21055 17
21056 8
21057 25
21058 8
21059 8
21060 8
21061 8
21062 8
21063 25
21064 8
21065 25
21066 8
21067 8
21068 8
21069 8
21070 8
21071 8
21072 8
21073 17
21074 8
21075 17
21076 8
21077 28
21078 8
21079 25
21080 8
21081 17
21082 8
21083 17
21084 8
21085 17
21086 8
21087 8
21088 8
21089 25
21090 8
21091 8
21092 8
21093 8
21094 8
21095 8
21096 8
21097 8
21098 8
21099 8
21100 8
21101 25
21102 8
21103 30
21104 8
21105 25
21106 8
21107 25
21108 8
21109 25
21110 8
21111 8
21112 8
21113 8
21114 8
21115 8
21116 8
21117 8
21118 8
21119 8
21120 8
21121 8
21122 8
21123 8
21124 8
21125 8
21126 8
21127 8
21128 8
21129 8
21130 8
21131 8
21132 8
21133 8
21134 8
21135 8
21136 8
21137 25
21138 8
21139 25
21140 8
21141 25
21142 8
21143 9
21144 8
21145 8
21146 8
21147 8
21148 8
21149 8
21150 8
21151 17
21152 8
21153 63
21154 8
21155 57
21156 8
21157 8
21158 8
21159 8
21160 8
21161 8
21162 8
21163 25
21164 8
21165 9
21166 8
21167 8
21168 8
21169 8
21170 8
21171 25
21172 8
21173 17
21174 8
21175 17
21176 8
21177 17
21178 8
21179 17
21180 8
21181 17
21182 8
21183 17
21184 8
21185 25
21186 8
21187 17
21188 8
21189 8
21190 8
21191 17
21192 8
21193 17
21194 8
21195 8
21196 8
21197 19
21198 8
21199 8
21200 8
21201 8
21202 8
21203 17
21204 8
21205 9
21206 8
21207 33
21208 8
21209 9
21210 8
21211 17
21212 8
21213 9
21214 8
21215 17
21216 8
21217 9
21218 8
21219 76
21220 8
21221 8
21222 8
21223 17
21224 8
21225 8
21226 8
21227 17
21228 8
21229 8
21230 8
21231 25
21232 8
21233 8
21234 8
21235 17
21236 8
21237 17
21238 8
21239 25
21240 8
21241 17
21242 8
21243 25
21244 8
21245 9
21246 8
21247 52
21248 8
21249 25
21250 8
21251 17
21252 8
21253 33
21254 8
21255 8
21256 8
21257 30
21258 8
21259 17
21260 8
21261 8
21262 8
21263 8
21264 8
21265 52
21266 8
21267 9
21268 8
21269 25
21270 8
21271 25
21272 8
21273 17
21274 8
21275 17
21276 8
21277 25
21278 8
21279 25
21280 8
21281 25
21282 8
21283 17
21284 8
21285 17
21286 8
21287 36
21288 8
21289 8
21290 8
21291 8
21292 8
21293 8
21294 8
21295 8
21296 8
21297 36
21298 8
21299 9
21300 8
21301 19
21302 8
21303 17
21304 8
21305 8
21306 8
21307 8
21308 8
21309 17
21310 8
21311 25
21312 8
21313 8
21314 8
21315 25
21316 9
21317 17
21318 9
21319 17
21320 9
21321 39
21322 9
21323 71
21324 9
21325 20
21326 9
21327 30
21328 9
21329 8
21330 9
21331 19
21332 9
21333 44
21334 9
21335 19
21336 9
21337 19
21338 9
21339 19
21340 9
21341 19
21342 9
21343 19
21344 9
21345 25
21346 9
21347 17
21348 9
21349 17
21350 9
21351 6
21352 9
21353 6
21354 9
21355 6
21356 9
21357 8
21358 9
21359 8
21360 9
21361 6
21362 9
21363 20
21364 9
21365 30
21366 9
21367 20
21368 9
21369 20
21370 9
21371 20
21372 9
21373 28
21374 9
21375 8
21376 9
21377 20
21378 9
21379 19
21380 9
21381 28
21382 9
21383 6
21384 9
21385 30
21386 9
21387 25
21388 9
21389 6
21390 9
21391 20
21392 9
21393 6
21394 9
21395 8
21396 9
21397 20
21398 9
21399 38
21400 9
21401 39
21402 9
21403 38
21404 9
21405 28
21406 9
21407 38
21408 9
21409 25
21410 9
21411 6
21412 9
21413 17
21414 9
21415 6
21416 9
21417 17
21418 9
21419 6
21420 9
21421 8
21422 9
21423 6
21424 9
21425 30
21426 9
21427 17
21428 9
21429 25
21430 9
21431 17
21432 9
21433 17
21434 9
21435 17
21436 9
21437 17
21438 9
21439 17
21440 9
21441 17
21442 9
21443 6
21444 9
21445 17
21446 9
21447 25
21448 9
21449 6
21450 9
21451 28
21452 9
21453 28
21454 9
21455 6
21456 9
21457 6
21458 9
21459 17
21460 9
21461 63
21462 9
21463 63
21464 9
21465 17
21466 9
21467 28
21468 9
21469 25
21470 9
21471 63
21472 9
21473 63
21474 9
21475 17
21476 9
21477 17
21478 9
21479 33
21480 9
21481 6
21482 9
21483 6
21484 9
21485 6
21486 9
21487 6
21488 9
21489 17
21490 9
21491 19
21492 9
21493 17
21494 9
21495 30
21496 9
21497 17
21498 9
21499 17
21500 9
21501 17
21502 9
21503 17
21504 9
21505 17
21506 9
21507 17
21508 9
21509 6
21510 9
21511 6
21512 9
21513 6
21514 9
21515 6
21516 9
21517 6
21518 9
21519 6
21520 9
21521 6
21522 9
21523 6
21524 9
21525 17
21526 9
21527 63
21528 9
21529 17
21530 9
21531 19
21532 9
21533 17
21534 9
21535 17
21536 9
21537 17
21538 9
21539 17
21540 9
21541 6
21542 9
21543 17
21544 9
21545 30
21546 9
21547 30
21548 9
21549 6
21550 9
21551 6
21552 9
21553 28
21554 9
21555 44
21556 9
21557 17
21558 9
21559 19
21560 9
21561 19
21562 9
21563 44
21564 9
21565 17
21566 9
21567 19
21568 9
21569 38
21570 9
21571 44
21572 9
21573 6
21574 9
21575 6
21576 9
21577 44
21578 9
21579 6
21580 9
21581 28
21582 9
21583 8
21584 9
21585 6
21586 9
21587 8
21588 9
21589 30
21590 9
21591 30
21592 9
21593 17
21594 9
21595 30
21596 9
21597 17
21598 9
21599 30
21600 9
21601 17
21602 9
21603 30
21604 9
21605 17
21606 9
21607 6
21608 9
21609 19
21610 6
21611 6
21612 6
21613 44
21614 6
21615 6
21616 6
21617 44
21618 6
21619 6
21620 6
21621 20
21622 6
21623 8
21624 6
21625 17
21626 6
21627 8
21628 6
21629 8
21630 6
21631 8
21632 6
21633 8
21634 6
21635 17
21636 6
21637 6
21638 6
21639 6
21640 6
21641 28
21642 6
21643 6
21644 6
21645 6
21646 6
21647 44
21648 6
21649 28
21650 6
21651 6
21652 6
21653 17
21654 6
21655 66
21656 6
21657 8
21658 6
21659 8
21660 6
21661 8
21662 6
21663 8
21664 6
21665 8
21666 6
21667 8
21668 6
21669 8
21670 6
21671 28
21672 6
21673 17
21674 6
21675 17
21676 6
21677 6
21678 6
21679 6
21680 6
21681 6
21682 6
21683 8
21684 6
21685 17
21686 6
21687 19
21688 6
21689 28
21690 6
21691 17
21692 6
21693 17
21694 6
21695 17
21696 6
21697 17
21698 6
21699 17
21700 6
21701 17
21702 6
21703 6
21704 6
21705 6
21706 6
21707 6
21708 6
21709 6
21710 6
21711 6
21712 6
21713 6
21714 6
21715 6
21716 6
21717 6
21718 6
21719 17
21720 6
21721 17
21722 6
21723 17
21724 6
21725 17
21726 6
21727 28
21728 6
21729 17
21730 6
21731 17
21732 6
21733 17
21734 6
21735 6
21736 6
21737 6
21738 6
21739 17
21740 6
21741 17
21742 6
21743 17
21744 6
21745 6
21746 6
21747 6
21748 6
21749 6
21750 6
21751 17
21752 6
21753 17
21754 6
21755 17
21756 6
21757 17
21758 6
21759 17
21760 6
21761 17
21762 6
21763 17
21764 6
21765 17
21766 6
21767 38
21768 6
21769 6
21770 6
21771 6
21772 6
21773 84
21774 6
21775 6
21776 6
21777 6
21778 6
21779 17
21780 6
21781 6
21782 6
21783 17
21784 6
21785 17
21786 6
21787 17
21788 6
21789 71
21790 6
21791 17
21792 6
21793 38
21794 6
21795 17
21796 6
21797 17
21798 6
21799 17
21800 6
21801 6
21802 6
21803 17
21804 6
21805 6
21806 6
21807 17
21808 6
21809 6
21810 6
21811 17
21812 6
21813 6
21814 6
21815 19
21816 6
21817 17
21818 6
21819 19
21820 6
21821 17
21822 6
21823 19
21824 6
21825 17
21826 6
21827 17
21828 6
21829 19
21830 6
21831 17
21832 6
21833 6
21834 6
21835 6
21836 6
21837 38
21838 6
21839 6
21840 6
21841 6
21842 6
21843 17
21844 6
21845 6
21846 6
21847 6
21848 6
21849 19
21850 6
21851 38
21852 6
21853 8
21854 6
21855 8
21856 6
21857 8
21858 6
21859 8
21860 6
21861 8
21862 6
21863 8
21864 6
21865 8
21866 6
21867 8
21868 6
21869 38
21870 6
21871 6
21872 6
21873 6
21874 6
21875 6
21876 6
21877 17
21878 6
21879 30
21880 6
21881 38
21882 6
21883 38
21884 6
21885 38
21886 6
21887 38
21888 6
21889 38
21890 6
21891 38
21892 6
21893 38
21894 6
21895 38
21896 6
21897 6
21898 6
21899 6
21900 6
21901 6
21902 6
21903 6
21904 9
21905 6
21906 9
21907 6
21908 9
21909 6
21910 9
21911 6
21912 9
21913 17
21914 9
21915 17
21916 9
21917 17
21918 9
21919 17
21920 9
21921 17
21922 9
21923 17
21924 9
21925 17
21926 9
21927 28
21928 9
21929 17
21930 9
21931 17
21932 9
21933 6
21934 9
21935 6
21936 9
21937 6
21938 9
21939 8
21940 9
21941 8
21942 9
21943 17
21944 9
21945 8
21946 9
21947 8
21948 9
21949 17
21950 9
21951 17
21952 9
21953 8
21954 9
21955 8
21956 9
21957 17
21958 9
21959 33
21960 9
21961 6
21962 9
21963 6
21964 9
21965 8
21966 9
21967 6
21968 9
21969 6
21970 9
21971 8
21972 9
21973 6
21974 9
21975 6
21976 9
21977 28
21978 9
21979 28
21980 9
21981 17
21982 9
21983 28
21984 9
21985 28
21986 9
21987 8
21988 9
21989 28
21990 9
21991 17
21992 9
21993 28
21994 9
21995 6
21996 9
21997 30
21998 9
21999 6
22000 9
22001 52
22002 9
22003 6
22004 9
22005 17
22006 9
22007 6
22008 9
22009 17
22010 9
22011 17
22012 9
22013 17
22014 9
22015 28
22016 9
22017 17
22018 9
22019 17
22020 9
22021 17
22022 9
22023 19
22024 9
22025 17
22026 9
22027 6
22028 9
22029 33
22030 9
22031 6
22032 9
22033 6
22034 9
22035 17
22036 9
22037 6
22038 9
22039 6
22040 9
22041 93
22042 9
22043 20
22044 9
22045 20
22046 9
22047 17
22048 9
22049 17
22050 9
22051 20
22052 9
22053 20
22054 9
22055 17
22056 9
22057 19
22058 9
22059 6
22060 9
22061 6
22062 9
22063 17
22064 9
22065 19
22066 9
22067 9
22068 9
22069 6
22070 9
22071 6
22072 9
22073 6
22074 9
22075 17
22076 9
22077 17
22078 9
22079 17
22080 9
22081 17
22082 9
22083 28
22084 9
22085 17
22086 9
22087 17
22088 9
22089 17
22090 9
22091 6
22092 9
22093 6
22094 9
22095 6
22096 9
22097 6
22098 9
22099 6
22100 9
22101 6
22102 9
22103 6
22104 9
22105 6
22106 9
22107 6
22108 9
22109 17
22110 9
22111 17
22112 9
22113 17
22114 9
22115 17
22116 9
22117 17
22118 9
22119 17
22120 9
22121 20
22122 9
22123 9
22124 9
22125 9
22126 9
22127 17
22128 9
22129 6
22130 9
22131 6
22132 9
22133 6
22134 9
22135 6
22136 9
22137 93
22138 9
22139 9
22140 9
22141 8
22142 9
22143 8
22144 9
22145 8
22146 9
22147 17
22148 9
22149 9
22150 9
22151 8
22152 9
22153 8
22154 9
22155 8
22156 9
22157 8
22158 9
22159 6
22160 9
22161 8
22162 9
22163 8
22164 9
22165 6
22166 9
22167 6
22168 9
22169 44
22170 9
22171 6
22172 9
22173 9
22174 9
22175 28
22176 9
22177 9
22178 9
22179 25
22180 9
22181 9
22182 9
22183 9
22184 9
22185 17
22186 9
22187 9
22188 9
22189 25
22190 9
22191 6
22192 9
22193 8
22194 9
22195 6
22196 9
22197 63
22198 9
22199 6
22200 9
22201 17
22202 6
22203 6
22204 6
22205 9
22206 6
22207 9
22208 6
22209 38
22210 6
22211 9
22212 6
22213 8
22214 6
22215 9
22216 6
22217 28
22218 6
22219 9
22220 6
22221 6
22222 6
22223 8
22224 6
22225 6
22226 6
22227 9
22228 6
22229 6
22230 6
22231 6
22232 6
22233 28
22234 6
22235 6
22236 6
22237 6
22238 6
22239 8
22240 6
22241 8
22242 6
22243 9
22244 6
22245 28
22246 6
22247 19
22248 6
22249 9
22250 6
22251 9
22252 6
22253 44
22254 6
22255 19
22256 6
22257 6
22258 6
22259 6
22260 6
22261 6
22262 6
22263 19
22264 6
22265 93
22266 6
22267 6
22268 6
22269 6
22270 6
22271 28
22272 6
22273 28
22274 6
22275 9
22276 6
22277 9
22278 6
22279 9
22280 6
22281 25
22282 6
22283 28
22284 6
22285 28
22286 6
22287 6
22288 6
22289 6
22290 6
22291 6
22292 6
22293 6
22294 6
22295 6
22296 6
22297 6
22298 6
22299 6
22300 6
22301 6
22302 6
22303 9
22304 6
22305 9
22306 6
22307 9
22308 6
22309 9
22310 6
22311 9
22312 6
22313 9
22314 6
22315 9
22316 6
22317 9
22318 6
22319 9
22320 6
22321 28
22322 6
22323 28
22324 6
22325 28
22326 6
22327 47
22328 6
22329 6
22330 6
22331 6
22332 6
22333 6
22334 6
22335 9
22336 6
22337 47
22338 6
22339 9
22340 6
22341 9
22342 6
22343 9
22344 6
22345 30
22346 6
22347 28
22348 6
22349 9
22350 6
22351 9
22352 6
22353 47
22354 6
22355 44
22356 6
22357 6
22358 6
22359 6
22360 6
22361 9
22362 6
22363 9
22364 6
22365 6
22366 6
22367 25
22368 6
22369 28
22370 6
22371 9
22372 6
22373 28
22374 6
22375 9
22376 6
22377 9
22378 6
22379 47
22380 6
22381 9
22382 6
22383 47
22384 6
22385 6
22386 6
22387 6
22388 6
22389 9
22390 6
22391 6
22392 6
22393 9
22394 6
22395 6
22396 6
22397 20
22398 6
22399 6
22400 6
22401 9
22402 6
22403 9
22404 6
22405 28
22406 6
22407 9
22408 6
22409 17
22410 6
22411 9
22412 6
22413 17
22414 6
22415 17
22416 6
22417 6
22418 6
22419 28
22420 6
22421 6
22422 6
22423 17
22424 6
22425 8
22426 6
22427 6
22428 6
22429 28
22430 6
22431 6
22432 6
22433 25
22434 6
22435 17
22436 6
22437 25
22438 6
22439 25
22440 6
22441 17
22442 6
22443 9
22444 6
22445 25
22446 6
22447 25
22448 6
22449 19
22450 6
22451 28
22452 6
22453 6
22454 6
22455 6
22456 6
22457 19
22458 6
22459 19
22460 6
22461 6
22462 6
22463 6
22464 6
22465 6
22466 6
22467 25
22468 6
22469 17
22470 6
22471 19
22472 6
22473 9
22474 6
22475 9
22476 6
22477 9
22478 6
22479 9
22480 6
22481 28
22482 6
22483 28
22484 6
22485 8
22486 6
22487 17
22488 6
22489 28
22490 6
22491 8
22492 6
22493 8
22494 6
22495 8
22496 6
22497 17
22498 6
22499 19
22500 9
22501 20
22502 9
22503 19
22504 9
22505 28
22506 9
22507 28
22508 9
22509 9
22510 9
22511 28
22512 9
22513 20
22514 9
22515 8
22516 9
22517 65
22518 9
22519 19
22520 9
22521 6
22522 9
22523 6
22524 9
22525 6
22526 9
22527 6
22528 9
22529 17
22530 9
22531 28
22532 9
22533 9
22534 9
22535 8
22536 9
22537 8
22538 9
22539 8
22540 9
22541 63
22542 9
22543 28
22544 9
22545 8
22546 9
22547 8
22548 9
22549 19
22550 9
22551 8
22552 9
22553 6
22554 9
22555 6
22556 9
22557 9
22558 9
22559 9
22560 9
22561 6
22562 9
22563 6
22564 9
22565 71
22566 9
22567 19
22568 9
22569 19
22570 9
22571 17
22572 9
22573 19
22574 9
22575 28
22576 9
22577 9
22578 9
22579 19
22580 9
22581 9
22582 9
22583 6
22584 9
22585 30
22586 9
22587 17
22588 9
22589 6
22590 9
22591 9
22592 9
22593 6
22594 9
22595 19
22596 9
22597 9
22598 9
22599 17
22600 9
22601 9
22602 9
22603 19
22604 9
22605 9
22606 9
22607 38
22608 9
22609 9
22610 9
22611 9
22612 9
22613 6
22614 9
22615 6
22616 9
22617 9
22618 9
22619 6
22620 9
22621 28
22622 9
22623 6
22624 9
22625 6
22626 9
22627 25
22628 9
22629 17
22630 9
22631 44
22632 9
22633 9
22634 9
22635 17
22636 9
22637 17
22638 9
22639 17
22640 9
22641 17
22642 9
22643 17
22644 9
22645 25
22646 9
22647 6
22648 9
22649 6
22650 9
22651 9
22652 9
22653 25
22654 9
22655 6
22656 9
22657 6
22658 9
22659 6
22660 9
22661 9
22662 9
22663 28
22664 9
22665 9
22666 9
22667 9
22668 9
22669 9
22670 9
22671 9
22672 9
22673 28
22674 9
22675 17
22676 9
22677 17
22678 9
22679 6
22680 9
22681 6
22682 9
22683 6
22684 9
22685 6
22686 9
22687 6
22688 9
22689 6
22690 9
22691 6
22692 9
22693 9
22694 9
22695 17
22696 9
22697 33
22698 9
22699 17
22700 9
22701 19
22702 9
22703 28
22704 9
22705 19
22706 9
22707 17
22708 9
22709 25
22710 9
22711 9
22712 9
22713 9
22714 9
22715 9
22716 9
22717 9
22718 9
22719 9
22720 9
22721 9
22722 9
22723 8
22724 9
22725 9
22726 9
22727 8
22728 9
22729 28
22730 9
22731 8
22732 9
22733 8
22734 9
22735 8
22736 9
22737 9
22738 9
22739 17
22740 9
22741 82
22742 9
22743 8
22744 9
22745 9
22746 9
22747 28
22748 9
22749 71
22750 9
22751 9
22752 9
22753 9
22754 9
22755 17
22756 9
22757 8
22758 9
22759 9
22760 9
22761 9
22762 9
22763 9
22764 9
22765 9
22766 9
22767 9
22768 9
22769 17
22770 9
22771 9
22772 9
22773 9
22774 9
22775 28
22776 9
22777 9
22778 9
22779 25
22780 9
22781 28
22782 9
22783 9
22784 9
22785 8
22786 9
22787 9
22788 9
22789 28
22790 9
22791 9
22792 9
22793 8
22794 9
22795 8
22796 9
22797 20
22798 9
22799 8
22800 9
22801 17
22802 8
22803 8
22804 8
22805 9
22806 8
22807 8
22808 8
22809 9
22810 8
22811 9
22812 8
22813 28
22814 8
22815 9
22816 8
22817 20
22818 8
22819 9
22820 8
22821 8
22822 8
22823 47
22824 8
22825 9
22826 8
22827 8
22828 8
22829 38
22830 8
22831 38
22832 8
22833 8
22834 8
22835 38
22836 8
22837 38
22838 8
22839 44
22840 8
22841 38
22842 8
22843 9
22844 8
22845 20
22846 8
22847 20
22848 8
22849 9
22850 8
22851 9
22852 8
22853 9
22854 8
22855 28
22856 8
22857 9
22858 8
22859 9
22860 8
22861 20
22862 8
22863 20
22864 8
22865 19
22866 8
22867 9
22868 8
22869 9
22870 8
22871 9
22872 8
22873 20
22874 8
22875 71
22876 8
22877 20
22878 8
22879 92
22880 8
22881 9
22882 8
22883 9
22884 8
22885 9
22886 8
22887 9
22888 8
22889 9
22890 8
22891 9
22892 8
22893 9
22894 8
22895 9
22896 8
22897 38
22898 8
22899 17
22900 8
22901 9
22902 8
22903 9
22904 8
22905 17
22906 8
22907 20
22908 8
22909 17
22910 8
22911 9
22912 8
22913 9
22914 8
22915 9
22916 8
22917 9
22918 8
22919 9
22920 8
22921 9
22922 8
22923 9
22924 8
22925 71
22926 8
22927 103
22928 8
22929 9
22930 8
22931 9
22932 8
22933 17
22934 8
22935 17
22936 8
22937 17
22938 8
22939 28
22940 8
22941 28
22942 8
22943 9
22944 8
22945 9
22946 8
22947 9
22948 8
22949 20
22950 8
22951 20
22952 8
22953 9
22954 8
22955 9
22956 8
22957 19
22958 8
22959 20
22960 8
22961 47
22962 8
22963 28
22964 8
22965 33
22966 8
22967 47
22968 8
22969 19
22970 8
22971 20
22972 8
22973 9
22974 8
22975 19
22976 8
22977 9
22978 8
22979 9
22980 8
22981 20
22982 8
22983 9
22984 8
22985 9
22986 8
22987 20
22988 8
22989 9
22990 8
22991 19
22992 8
22993 8
22994 8
22995 20
22996 8
22997 8
22998 8
22999 63
23000 8
23001 8
23002 8
23003 8
23004 8
23005 8
23006 8
23007 8
23008 8
23009 9
23010 8
23011 25
23012 8
23013 9
23014 8
23015 8
23016 8
23017 9
23018 8
23019 20
23020 8
23021 28
23022 8
23023 8
23024 8
23025 19
23026 8
23027 8
23028 8
23029 11
23030 8
23031 20
23032 8
23033 8
23034 8
23035 28
23036 8
23037 11
23038 8
23039 9
23040 8
23041 8
23042 8
23043 28
23044 8
23045 9
23046 8
23047 9
23048 8
23049 8
23050 8
23051 9
23052 8
23053 9
23054 8
23055 38
23056 8
23057 8
23058 8
23059 8
23060 8
23061 8
23062 8
23063 8
23064 8
23065 20
23066 8
23067 28
23068 8
23069 19
23070 8
23071 8
23072 8
23073 9
23074 8
23075 9
23076 8
23077 38
23078 8
23079 20
23080 8
23081 8
23082 8
23083 8
23084 8
23085 9
23086 8
23087 9
23088 8
23089 8
23090 8
23091 8
23092 8
23093 8
23094 8
23095 8
23096 8
23097 8
23098 8
23099 8
23100 8
23101 8
23102 8
23103 8
23104 9
23105 9
23106 9
23107 9
23108 9
23109 9
23110 9
23111 9
23112 9
23113 9
23114 9
23115 9
23116 9
23117 9
23118 9
23119 9
23120 9
23121 19
23122 9
23123 19
23124 9
23125 19
23126 9
23127 8
23128 9
23129 8
23130 9
23131 28
23132 9
23133 19
23134 9
23135 19
23136 9
23137 19
23138 9
23139 19
23140 9
23141 38
23142 9
23143 44
23144 9
23145 9
23146 9
23147 9
23148 9
23149 9
23150 9
23151 19
23152 9
23153 19
23154 9
23155 33
23156 9
23157 33
23158 9
23159 20
23160 9
23161 33
23162 9
23163 33
23164 9
23165 19
23166 9
23167 20
23168 9
23169 33
23170 9
23171 38
23172 9
23173 19
23174 9
23175 9
23176 9
23177 19
23178 9
23179 11
23180 9
23181 9
23182 9
23183 25
23184 9
23185 9
23186 9
23187 11
23188 9
23189 11
23190 9
23191 11
23192 9
23193 20
23194 9
23195 11
23196 9
23197 44
23198 9
23199 11
23200 9
23201 11
23202 9
23203 9
23204 9
23205 19
23206 9
23207 9
23208 9
23209 25
23210 9
23211 9
23212 9
23213 25
23214 9
23215 9
23216 9
23217 19
23218 9
23219 9
23220 9
23221 19
23222 9
23223 19
23224 9
23225 19
23226 9
23227 20
23228 9
23229 19
23230 9
23231 17
23232 9
23233 25
23234 9
23235 19
23236 9
23237 17
23238 9
23239 9
23240 9
23241 9
23242 9
23243 25
23244 9
23245 9
23246 9
23247 9
23248 9
23249 19
23250 9
23251 19
23252 9
23253 19
23254 9
23255 19
23256 9
23257 19
23258 9
23259 19
23260 9
23261 19
23262 9
23263 19
23264 9
23265 28
23266 9
23267 20
23268 9
23269 38
23270 9
23271 9
23272 9
23273 9
23274 9
23275 9
23276 9
23277 20
23278 9
23279 25
23280 9
23281 11
23282 9
23283 9
23284 9
23285 9
23286 9
23287 8
23288 9
23289 8
23290 9
23291 8
23292 9
23293 8
23294 9
23295 28
23296 9
23297 8
23298 9
23299 19
23300 9
23301 38
23302 9
23303 8
23304 9
23305 20
23306 9
23307 20
23308 9
23309 20
23310 9
23311 11
23312 9
23313 28
23314 9
23315 19
23316 9
23317 20
23318 9
23319 20
23320 9
23321 11
23322 9
23323 8
23324 9
23325 8
23326 9
23327 8
23328 9
23329 8
23330 9
23331 8
23332 9
23333 8
23334 9
23335 8
23336 9
23337 11
23338 9
23339 9
23340 9
23341 9
23342 9
23343 9
23344 9
23345 20
23346 9
23347 20
23348 9
23349 8
23350 9
23351 9
23352 9
23353 8
23354 9
23355 20
23356 9
23357 17
23358 9
23359 8
23360 9
23361 8
23362 9
23363 20
23364 9
23365 17
23366 9
23367 8
23368 9
23369 9
23370 9
23371 17
23372 9
23373 9
23374 9
23375 9
23376 9
23377 19
23378 9
23379 9
23380 9
23381 9
23382 9
23383 8
23384 9
23385 47
23386 9
23387 8
23388 9
23389 8
23390 9
23391 47
23392 9
23393 19
23394 9
23395 47
23396 9
23397 8
23398 9
23399 47
23400 9
23401 25
23402 9
23403 9
23404 9
23405 19
23406 9
23407 9
23408 9
23409 25
23410 9
23411 9
23412 9
23413 17
23414 9
23415 9
23416 9
23417 28
23418 9
23419 17
23420 9
23421 19
23422 9
23423 17
23424 9
23425 20
23426 9
23427 17
23428 9
23429 11
23430 9
23431 20
23432 9
23433 17
23434 9
23435 57
23436 9
23437 9
23438 9
23439 9
23440 9
23441 20
23442 9
23443 9
23444 9
23445 9
23446 9
23447 11
23448 9
23449 9
23450 9
23451 20
23452 9
23453 25
23454 9
23455 17
23456 9
23457 20
23458 9
23459 20
23460 9
23461 11
23462 9
23463 28
23464 9
23465 20
23466 9
23467 9
23468 9
23469 28
23470 9
23471 44
23472 9
23473 20
23474 9
23475 9
23476 9
23477 9
23478 9
23479 9
23480 9
23481 19
23482 9
23483 19
23484 9
23485 20
23486 9
23487 17
23488 9
23489 17
23490 9
23491 17
23492 9
23493 17
23494 9
23495 17
23496 9
23497 17
23498 9
23499 19
23500 9
23501 20
23502 9
23503 57
23504 9
23505 17
23506 9
23507 19
23508 9
23509 19
23510 9
23511 20
23512 9
23513 20
23514 9
23515 19
23516 9
23517 28
23518 9
23519 28
23520 9
23521 19
23522 9
23523 20
23524 9
23525 19
23526 9
23527 19
23528 9
23529 19
23530 9
23531 19
23532 9
23533 9
23534 9
23535 9
23536 9
23537 20
23538 9
23539 20
23540 9
23541 19
23542 9
23543 11
23544 9
23545 9
23546 9
23547 9
23548 9
23549 9
23550 9
23551 25
23552 9
23553 11
23554 9
23555 20
23556 9
23557 20
23558 9
23559 20
23560 9
23561 28
23562 9
23563 20
23564 9
23565 20
23566 9
23567 8
23568 9
23569 20
23570 9
23571 9
23572 9
23573 9
23574 9
23575 28
23576 9
23577 9
23578 9
23579 9
23580 9
23581 8
23582 9
23583 20
23584 9
23585 20
23586 9
23587 25
23588 9
23589 20
23590 9
23591 8
23592 9
23593 20
23594 9
23595 20
23596 9
23597 25
23598 9
23599 9
23600 9
23601 25
23602 9
23603 9
23604 9
23605 25
23606 9
23607 25
23608 9
23609 9
23610 9
23611 20
23612 9
23613 9
23614 9
23615 25
23616 9
23617 8
23618 9
23619 14
23620 9
23621 8
23622 9
23623 8
23624 9
23625 20
23626 9
23627 8
23628 9
23629 8
23630 9
23631 8
23632 9
23633 14
23634 9
23635 9
23636 9
23637 9
23638 9
23639 20
23640 9
23641 9
23642 9
23643 25
23644 9
23645 14
23646 9
23647 9
23648 9
23649 9
23650 9
23651 14
23652 9
23653 9
23654 9
23655 9
23656 9
23657 20
23658 9
23659 9
23660 9
23661 9
23662 9
23663 19
23664 9
23665 11
23666 9
23667 9
23668 9
23669 9
23670 9
23671 8
23672 9
23673 14
23674 9
23675 11
23676 9
23677 9
23678 9
23679 9
23680 9
23681 8
23682 9
23683 28
23684 9
23685 8
23686 9
23687 8
23688 9
23689 8
23690 9
23691 8
23692 9
23693 8
23694 9
23695 8
23696 9
23697 9
23698 9
23699 28
23700 9
23701 20
23702 9
23703 20
23704 9
23705 47
23706 9
23707 38
23708 9
23709 25
23710 9
23711 20
23712 9
23713 20
23714 9
23715 28
23716 9
23717 9
23718 9
23719 14
23720 9
23721 14
23722 9
23723 19
23724 9
23725 19
23726 9
23727 19
23728 9
23729 19
23730 9
23731 19
23732 9
23733 14
23734 9
23735 19
23736 9
23737 9
23738 9
23739 9
23740 9
23741 9
23742 9
23743 9
23744 9
23745 19
23746 9
23747 14
23748 9
23749 14
23750 9
23751 9
23752 9
23753 19
23754 9
23755 19
23756 9
23757 57
23758 9
23759 57
23760 9
23761 57
23762 9
23763 19
23764 9
23765 9
23766 9
23767 14
23768 9
23769 82
23770 9
23771 9
23772 9
23773 9
23774 9
23775 9
23776 9
23777 9
23778 9
23779 9
23780 9
23781 82
23782 9
23783 19
23784 9
23785 14
23786 9
23787 14
23788 9
23789 82
23790 9
23791 14
23792 9
23793 19
23794 9
23795 14
23796 9
23797 14
23798 9
23799 19
23800 9
23801 9
23802 9
23803 19
23804 9
23805 9
23806 9
23807 25
23808 9
23809 9
23810 9
23811 9
23812 9
23813 9
23814 9
23815 25
23816 9
23817 11
23818 9
23819 25
23820 9
23821 14
23822 9
23823 25
23824 9
23825 38
23826 9
23827 25
23828 9
23829 25
23830 9
23831 14
23832 9
23833 9
23834 9
23835 9
23836 9
23837 9
23838 9
23839 19
23840 9
23841 14
23842 9
23843 9
23844 9
23845 19
23846 9
23847 19
23848 9
23849 19
23850 9
23851 19
23852 9
23853 19
23854 9
23855 19
23856 9
23857 9
23858 9
23859 19
23860 9
23861 19
23862 9
23863 28
23864 9
23865 9
23866 9
23867 9
23868 9
23869 52
23870 9
23871 14
23872 9
23873 9
23874 9
23875 9
23876 9
23877 9
23878 9
23879 38
23880 9
23881 25
23882 9
23883 9
23884 9
23885 9
23886 9
23887 9
23888 9
23889 38
23890 9
23891 14
23892 9
23893 9
23894 9
23895 9
23896 9
23897 9
23898 9
23899 9
23900 9
23901 9
23902 9
23903 9
23904 9
23905 14
23906 9
23907 9
23908 9
23909 9
23910 9
23911 14
23912 9
23913 47
23914 9
23915 9
23916 9
23917 9
23918 9
23919 9
23920 9
23921 19
23922 9
23923 47
23924 9
23925 9
23926 9
23927 28
23928 9
23929 28
23930 9
23931 11
23932 9
23933 47
23934 9
23935 14
23936 9
23937 14
23938 9
23939 11
23940 9
23941 9
23942 9
23943 9
23944 9
23945 9
23946 9
23947 19
23948 9
23949 19
23950 9
23951 14
23952 9
23953 11
23954 9
23955 9
23956 9
23957 19
23958 9
23959 19
23960 9
23961 19
23962 9
23963 38
23964 9
23965 11
23966 9
23967 9
23968 9
23969 9
23970 9
23971 9
23972 9
23973 9
23974 9
23975 9
23976 9
23977 9
23978 9
23979 9
23980 9
23981 9
23982 9
23983 9
23984 9
23985 9
23986 9
23987 47
23988 9
23989 9
23990 9
23991 9
23992 9
23993 47
23994 9
23995 9
23996 9
23997 9
23998 9
23999 14
24000 9
24001 9
24002 9
24003 44
24004 9
24005 9
24006 9
24007 9
24008 9
24009 25
24010 9
24011 9
24012 9
24013 47
24014 9
24015 9
24016 9
24017 9
24018 9
24019 9
24020 9
24021 47
24022 9
24023 9
24024 9
24025 14
24026 9
24027 9
24028 9
24029 9
24030 9
24031 9
24032 9
24033 9
24034 9
24035 9
24036 9
24037 9
24038 9
24039 9
24040 9
24041 9
24042 9
24043 9
24044 9
24045 46
24046 9
24047 9
24048 9
24049 9
24050 9
24051 9
24052 9
24053 9
24054 9
24055 9
24056 9
24057 28
24058 9
24059 9
24060 9
24061 9
24062 9
24063 44
24064 9
24065 9
24066 9
24067 9
24068 9
24069 38
24070 9
24071 9
24072 9
24073 9
24074 9
24075 9
24076 9
24077 28
24078 9
24079 11
24080 9
24081 9
24082 9
24083 9
24084 9
24085 9
24086 9
24087 28
24088 9
24089 9
24090 9
24091 9
24092 9
24093 9
24094 9
24095 9
24096 9
24097 9
24098 9
24099 9
24100 9
24101 9
24102 9
24103 9
24104 9
24105 9
24106 9
24107 9
24108 9
24109 9
24110 9
24111 9
24112 9
24113 9
24114 9
24115 9
24116 9
24117 9
24118 9
24119 17
24120 9
24121 9
24122 9
24123 17
24124 9
24125 17
24126 9
24127 17
24128 9
24129 9
24130 9
24131 19
24132 9
24133 28
24134 9
24135 17
24136 9
24137 17
24138 9
24139 14
24140 9
24141 38
24142 9
24143 25
24144 9
24145 14
24146 9
24147 14
24148 9
24149 9
24150 9
24151 9
24152 9
24153 9
24154 9
24155 9
24156 9
24157 28
24158 9
24159 9
24160 9
24161 17
24162 9
24163 6
24164 9
24165 6
24166 9
24167 6
24168 9
24169 9
24170 9
24171 28
24172 9
24173 11
24174 9
24175 6
24176 9
24177 6
24178 9
24179 9
24180 9
24181 9
24182 9
24183 9
24184 9
24185 9
24186 9
24187 9
24188 9
24189 25
24190 9
24191 9
24192 9
24193 95
24194 9
24195 38
24196 9
24197 6
24198 9
24199 14
24200 9
24201 11
24202 9
24203 6
24204 9
24205 19
24206 9
24207 6
24208 9
24209 6
24210 9
24211 28
24212 9
24213 9
24214 9
24215 28
24216 9
24217 9
24218 9
24219 9
24220 9
24221 25
24222 9
24223 9
24224 9
24225 9
24226 9
24227 9
24228 9
24229 14
24230 9
24231 6
24232 9
24233 9
24234 9
24235 6
24236 9
24237 9
24238 9
24239 6
24240 9
24241 38
24242 9
24243 6
24244 9
24245 57
24246 9
24247 9
24248 9
24249 9
24250 9
24251 44
24252 9
24253 9
24254 9
24255 9
24256 9
24257 17
24258 9
24259 9
24260 9
24261 9
24262 9
24263 6
24264 9
24265 6
24266 9
24267 9
24268 9
24269 6
24270 9
24271 6
24272 9
24273 28
24274 9
24275 6
24276 9
24277 6
24278 9
24279 28
24280 9
24281 9
24282 9
24283 9
24284 9
24285 9
24286 9
24287 19
24288 9
24289 28
24290 9
24291 9
24292 9
24293 9
24294 9
24295 9
24296 9
24297 57
24298 9
24299 57
24300 9
24301 6
24302 9
24303 6
24304 9
24305 6
24306 9
24307 6
24308 9
24309 17
24310 9
24311 11
24312 9
24313 17
24314 9
24315 57
24316 9
24317 9
24318 9
24319 9
24320 9
24321 9
24322 9
24323 9
24324 9
24325 9
24326 9
24327 9
24328 9
24329 6
24330 9
24331 6
24332 9
24333 6
24334 9
24335 6
24336 9
24337 6
24338 9
24339 6
24340 9
24341 6
24342 9
24343 6
24344 9
24345 6
24346 9
24347 33
24348 9
24349 33
24350 9
24351 33
24352 9
24353 33
24354 9
24355 33
24356 9
24357 11
24358 9
24359 25
24360 9
24361 25
24362 9
24363 9
24364 9
24365 6
24366 9
24367 6
24368 9
24369 6
24370 9
24371 6
24372 9
24373 71
24374 9
24375 19
24376 9
24377 6
24378 9
24379 17
24380 9
24381 17
24382 9
24383 33
24384 9
24385 25
24386 9
24387 17
24388 9
24389 17
24390 9
24391 25
24392 9
24393 57
24394 9
24395 17
24396 9
24397 6
24398 9
24399 44
24400 9
24401 6
24402 9
24403 6
24404 9
24405 57
24406 9
24407 6
24408 9
24409 6
24410 9
24411 57
24412 9
24413 57
24414 9
24415 57
24416 9
24417 57
24418 9
24419 57
24420 9
24421 57
24422 9
24423 57
24424 9
24425 25
24426 9
24427 9
24428 9
24429 6
24430 9
24431 25
24432 9
24433 6
24434 9
24435 57
24436 9
24437 6
24438 9
24439 9
24440 9
24441 6
24442 9
24443 17
24444 9
24445 6
24446 9
24447 17
24448 9
24449 25
24450 9
24451 117
24452 9
24453 25
24454 9
24455 25
24456 9
24457 11
24458 9
24459 25
24460 9
24461 11
24462 9
24463 6
24464 9
24465 11
24466 9
24467 33
24468 9
24469 6
24470 9
24471 33
24472 9
24473 11
24474 9
24475 6
24476 9
24477 11
24478 9
24479 11
24480 9
24481 11
24482 9
24483 9
24484 9
24485 25
24486 9
24487 11
24488 9
24489 11
24490 9
24491 9
24492 9
24493 19
24494 9
24495 11
24496 9
24497 6
24498 9
24499 11
24500 9
24501 9
24502 9
24503 6
24504 9
24505 6
24506 9
24507 6
24508 9
24509 9
24510 9
24511 11
24512 9
24513 9
24514 9
24515 9
24516 9
24517 9
24518 9
24519 9
24520 9
24521 9
24522 9
24523 20
24524 9
24525 20
24526 9
24527 25
24528 9
24529 9
24530 9
24531 25
24532 9
24533 44
24534 9
24535 20
24536 9
24537 6
24538 9
24539 6
24540 9
24541 6
24542 9
24543 6
24544 9
24545 6
24546 9
24547 20
24548 9
24549 20
24550 9
24551 20
24552 9
24553 11
24554 9
24555 11
24556 9
24557 11
24558 9
24559 20
24560 9
24561 14
24562 9
24563 25
24564 9
24565 25
24566 9
24567 6
24568 9
24569 6
24570 9
24571 6
24572 9
24573 6
24574 9
24575 71
24576 9
24577 20
24578 9
24579 11
24580 9
24581 9
24582 9
24583 9
24584 9
24585 9
24586 9
24587 20
24588 9
24589 9
24590 9
24591 9
24592 9
24593 9
24594 9
24595 9
24596 9
24597 11
24598 9
24599 11
24600 9
24601 6
24602 9
24603 11
24604 9
24605 25
24606 9
24607 6
24608 9
24609 6
24610 9
24611 11
24612 9
24613 28
24614 9
24615 28
24616 9
24617 19
24618 9
24619 28
24620 9
24621 28
24622 9
24623 11
24624 9
24625 28
24626 9
24627 11
24628 9
24629 28
24630 9
24631 6
24632 9
24633 11
24634 9
24635 6
24636 9
24637 25
24638 9
24639 6
24640 9
24641 25
24642 9
24643 6
24644 9
24645 14
24646 9
24647 11
24648 9
24649 11
24650 11
24651 11
24652 11
24653 25
24654 11
24655 11
24656 11
24657 11
24658 11
24659 11
24660 11
24661 20
24662 11
24663 6
24664 11
24665 14
24666 11
24667 6
24668 11
24669 11
24670 11
24671 20
24672 11
24673 6
24674 11
24675 33
24676 11
24677 6
24678 11
24679 6
24680 11
24681 28
24682 11
24683 33
24684 11
24685 33
24686 11
24687 90
24688 11
24689 33
24690 11
24691 33
24692 11
24693 19
24694 11
24695 11
24696 11
24697 6
24698 11
24699 11
24700 11
24701 11
24702 11
24703 6
24704 11
24705 6
24706 11
24707 6
24708 11
24709 11
24710 11
24711 38
24712 11
24713 11
24714 11
24715 11
24716 11
24717 11
24718 11
24719 11
24720 11
24721 11
24722 11
24723 11
24724 11
24725 11
24726 11
24727 11
24728 11
24729 11
24730 11
24731 6
24732 11
24733 11
24734 11
24735 25
24736 11
24737 25
24738 11
24739 11
24740 11
24741 25
24742 11
24743 25
24744 11
24745 6
24746 11
24747 14
24748 11
24749 14
24750 11
24751 14
24752 11
24753 14
24754 11
24755 14
24756 11
24757 14
24758 11
24759 14
24760 11
24761 14
24762 11
24763 11
24764 11
24765 25
24766 11
24767 25
24768 11
24769 28
24770 11
24771 28
24772 11
24773 25
24774 11
24775 33
24776 11
24777 6
24778 11
24779 6
24780 11
24781 9
24782 11
24783 9
24784 11
24785 25
24786 11
24787 25
24788 11
24789 19
24790 11
24791 9
24792 11
24793 9
24794 11
24795 9
24796 11
24797 28
24798 11
24799 25
24800 11
24801 6
24802 11
24803 6
24804 11
24805 25
24806 11
24807 65
24808 11
24809 6
24810 11
24811 6
24812 11
24813 20
24814 11
24815 14
24816 11
24817 9
24818 11
24819 9
24820 11
24821 9
24822 11
24823 9
24824 11
24825 9
24826 11
24827 9
24828 11
24829 9
24830 11
24831 9
24832 11
24833 9
24834 11
24835 6
24836 11
24837 9
24838 11
24839 6
24840 11
24841 6
24842 11
24843 20
24844 11
24845 6
24846 11
24847 20
24848 11
24849 11
24850 11
24851 9
24852 11
24853 11
24854 11
24855 9
24856 11
24857 11
24858 11
24859 20
24860 11
24861 11
24862 11
24863 9
24864 11
24865 6
24866 11
24867 28
24868 11
24869 6
24870 11
24871 25
24872 11
24873 6
24874 11
24875 9
24876 11
24877 6
24878 11
24879 6
24880 11
24881 19
24882 11
24883 33
24884 11
24885 20
24886 11
24887 9
24888 11
24889 33
24890 11
24891 93
24892 11
24893 33
24894 11
24895 33
24896 11
24897 20
24898 11
24899 33
24900 11
24901 6
24902 11
24903 19
24904 11
24905 14
24906 11
24907 6
24908 11
24909 6
24910 11
24911 33
24912 11
24913 20
24914 11
24915 11
24916 11
24917 11
24918 11
24919 14
24920 11
24921 14
24922 11
24923 11
24924 11
24925 11
24926 11
24927 11
24928 11
24929 19
24930 11
24931 19
24932 11
24933 33
24934 11
24935 6
24936 11
24937 6
24938 11
24939 6
24940 11
24941 6
24942 11
24943 6
24944 11
24945 25
24946 11
24947 11
24948 11
24949 52
24950 11
24951 25
24952 11
24953 11
24954 11
24955 14
24956 11
24957 14
24958 11
24959 11
24960 11
24961 46
24962 11
24963 33
24964 9
24965 11
24966 9
24967 11
24968 9
24969 20
24970 9
24971 11
24972 9
24973 11
24974 9
24975 14
24976 9
24977 14
24978 9
24979 52
24980 9
24981 11
24982 9
24983 11
24984 9
24985 11
24986 9
24987 11
24988 9
24989 11
24990 9
24991 11
24992 9
24993 11
24994 9
24995 11
24996 9
24997 11
24998 9
24999 11
25000 9
25001 6
25002 9
25003 6
25004 9
25005 6
25006 9
25007 90
25008 9
25009 11
25010 9
25011 6
25012 9
25013 6
25014 9
25015 11
25016 9
25017 11
25018 9
25019 25
25020 9
25021 25
25022 9
25023 14
25024 9
25025 11
25026 9
25027 25
25028 9
25029 57
25030 9
25031 11
25032 9
25033 6
25034 9
25035 6
25036 9
25037 11
25038 9
25039 6
25040 9
25041 11
25042 9
25043 52
25044 9
25045 6
25046 9
25047 14
25048 9
25049 52
25050 9
25051 52
25052 9
25053 25
25054 9
25055 52
25056 9
25057 9
25058 9
25059 52
25060 9
25061 38
25062 9
25063 52
25064 9
25065 9
25066 9
25067 6
25068 9
25069 9
25070 9
25071 6
25072 9
25073 52
25074 9
25075 6
25076 9
25077 11
25078 9
25079 6
25080 9
25081 25
25082 9
25083 14
25084 9
25085 11
25086 9
25087 14
25088 9
25089 14
25090 9
25091 28
25092 9
25093 14
25094 9
25095 44
25096 9
25097 14
25098 9
25099 6
25100 9
25101 11
25102 9
25103 6
25104 9
25105 6
25106 9
25107 14
25108 9
25109 6
25110 9
25111 6
25112 9
25113 14
25114 9
25115 44
25116 9
25117 14
25118 9
25119 11
25120 9
25121 14
25122 9
25123 14
25124 9
25125 14
25126 9
25127 11
25128 9
25129 25
25130 9
25131 11
25132 9
25133 6
25134 9
25135 6
25136 9
25137 11
25138 9
25139 28
25140 9
25141 25
25142 9
25143 6
25144 9
25145 6
25146 9
25147 6
25148 9
25149 14
25150 9
25151 14
25152 9
25153 25
25154 9
25155 33
25156 9
25157 11
25158 9
25159 14
25160 9
25161 14
25162 9
25163 14
25164 9
25165 6
25166 9
25167 6
25168 9
25169 6
25170 9
25171 6
25172 9
25173 6
25174 9
25175 6
25176 9
25177 6
25178 9
25179 6
25180 9
25181 6
25182 9
25183 33
25184 9
25185 33
25186 9
25187 33
25188 9
25189 33
25190 9
25191 11
25192 9
25193 19
25194 9
25195 33
25196 9
25197 33
25198 9
25199 25
25200 9
25201 6
25202 9
25203 6
25204 9
25205 6
25206 9
25207 6
25208 9
25209 14
25210 9
25211 11
25212 9
25213 11
25214 9
25215 6
25216 9
25217 19
25218 9
25219 11
25220 9
25221 11
25222 9
25223 19
25224 9
25225 19
25226 9
25227 19
25228 9
25229 11
25230 9
25231 11
25232 9
25233 6
25234 9
25235 6
25236 9
25237 11
25238 9
25239 6
25240 9
25241 6
25242 9
25243 11
25244 9
25245 6
25246 9
25247 6
25248 9
25249 33
25250 9
25251 11
25252 9
25253 11
25254 9
25255 11
25256 9
25257 11
25258 9
25259 11
25260 9
25261 33
25262 9
25263 11
25264 9
25265 11
25266 9
25267 6
25268 9
25269 11
25270 9
25271 6
25272 9
25273 11
25274 9
25275 6
25276 9
25277 14
25278 9
25279 6
25280 9
25281 11
25282 6
25283 11
25284 6
25285 11
25286 6
25287 11
25288 6
25289 11
25290 6
25291 11
25292 6
25293 11
25294 6
25295 11
25296 6
25297 19
25298 6
25299 11
25300 6
25301 11
25302 6
25303 27
25304 6
25305 6
25306 6
25307 9
25308 6
25309 6
25310 6
25311 6
25312 6
25313 11
25314 6
25315 6
25316 6
25317 11
25318 6
25319 38
25320 6
25321 11
25322 6
25323 11
25324 6
25325 14
25326 6
25327 11
25328 6
25329 11
25330 6
25331 11
25332 6
25333 11
25334 6
25335 6
25336 6
25337 6
25338 6
25339 20
25340 6
25341 25
25342 6
25343 11
25344 6
25345 6
25346 6
25347 6
25348 6
25349 20
25350 6
25351 9
25352 6
25353 9
25354 6
25355 9
25356 6
25357 9
25358 6
25359 9
25360 6
25361 9
25362 6
25363 25
25364 6
25365 9
25366 6
25367 25
25368 6
25369 9
25370 6
25371 11
25372 6
25373 6
25374 6
25375 6
25376 6
25377 6
25378 6
25379 6
25380 6
25381 6
25382 6
25383 6
25384 6
25385 20
25386 6
25387 20
25388 6
25389 20
25390 6
25391 20
25392 6
25393 20
25394 6
25395 20
25396 6
25397 20
25398 6
25399 20
25400 6
25401 6
25402 6
25403 9
25404 6
25405 9
25406 6
25407 9
25408 6
25409 9
25410 6
25411 52
25412 6
25413 6
25414 6
25415 6
25416 6
25417 6
25418 6
25419 9
25420 6
25421 9
25422 6
25423 9
25424 6
25425 14
25426 6
25427 9
25428 6
25429 9
25430 6
25431 9
25432 6
25433 28
25434 6
25435 38
25436 6
25437 6
25438 6
25439 6
25440 6
25441 20
25442 6
25443 14
25444 6
25445 6
25446 6
25447 6
25448 6
25449 19
25450 6
25451 9
25452 6
25453 9
25454 6
25455 9
25456 6
25457 20
25458 6
25459 9
25460 6
25461 28
25462 6
25463 9
25464 6
25465 9
25466 6
25467 9
25468 6
25469 6
25470 6
25471 11
25472 6
25473 11
25474 6
25475 6
25476 6
25477 11
25478 6
25479 6
25480 6
25481 28
25482 6
25483 6
25484 6
25485 11
25486 6
25487 14
25488 6
25489 38
25490 6
25491 9
25492 6
25493 38
25494 6
25495 14
25496 6
25497 38
25498 6
25499 74
25500 6
25501 38
25502 6
25503 6
25504 6
25505 25
25506 6
25507 6
25508 6
25509 11
25510 6
25511 6
25512 6
25513 38
25514 6
25515 6
25516 6
25517 6
25518 6
25519 44
25520 6
25521 9
25522 6
25523 19
25524 6
25525 11
25526 6
25527 9
25528 6
25529 44
25530 6
25531 28
25532 6
25533 9
25534 6
25535 14
25536 6
25537 9
25538 6
25539 6
25540 6
25541 6
25542 6
25543 28
25544 6
25545 28
25546 6
25547 6
25548 6
25549 6
25550 6
25551 25
25552 6
25553 38
25554 6
25555 28
25556 6
25557 28
25558 6
25559 19
25560 6
25561 9
25562 6
25563 25
25564 6
25565 28
25566 6
25567 28
25568 6
25569 6
25570 6
25571 54
25572 6
25573 9
25574 6
25575 38
25576 6
25577 28
25578 6
25579 28
25580 6
25581 6
25582 6
25583 6
25584 6
25585 6
25586 6
25587 9
25588 6
25589 9
25590 6
25591 9
25592 6
25593 9
25594 6
25595 9
25596 6
25597 9
25598 6
25599 9
25600 9
25601 9
25602 9
25603 6
25604 9
25605 6
25606 9
25607 6
25608 9
25609 6
25610 9
25611 6
25612 9
25613 6
25614 9
25615 6
25616 9
25617 6
25618 9
25619 6
25620 9
25621 28
25622 9
25623 54
25624 9
25625 28
25626 9
25627 14
25628 9
25629 44
25630 9
25631 9
25632 9
25633 9
25634 9
25635 9
25636 9
25637 11
25638 9
25639 11
25640 9
25641 9
25642 9
25643 9
25644 9
25645 9
25646 9
25647 28
25648 9
25649 28
25650 9
25651 9
25652 9
25653 9
25654 9
25655 19
25656 9
25657 11
25658 9
25659 9
25660 9
25661 9
25662 9
25663 9
25664 9
25665 14
25666 9
25667 9
25668 9
25669 9
25670 9
25671 19
25672 9
25673 9
25674 9
25675 9
25676 9
25677 9
25678 9
25679 9
25680 9
25681 19
25682 9
25683 9
25684 9
25685 9
25686 9
25687 14
25688 9
25689 9
25690 9
25691 28
25692 9
25693 9
25694 9
25695 136
25696 9
25697 9
25698 9
25699 9
25700 9
25701 19
25702 9
25703 9
25704 9
25705 9
25706 9
25707 9
25708 9
25709 9
25710 9
25711 9
25712 9
25713 28
25714 9
25715 9
25716 9
25717 9
25718 9
25719 9
25720 9
25721 9
25722 9
25723 19
25724 9
25725 9
25726 9
25727 9
25728 9
25729 9
25730 9
25731 9
25732 9
25733 9
25734 9
25735 9
25736 9
25737 11
25738 9
25739 9
25740 9
25741 9
25742 9
25743 9
25744 9
25745 9
25746 9
25747 9
25748 9
25749 14
25750 9
25751 44
25752 9
25753 9
25754 9
25755 9
25756 9
25757 9
25758 9
25759 25
25760 9
25761 9
25762 9
25763 9
25764 9
25765 14
25766 9
25767 19
25768 9
25769 9
25770 9
25771 9
25772 9
25773 9
25774 9
25775 14
25776 9
25777 9
25778 9
25779 11
25780 9
25781 9
25782 9
25783 9
25784 9
25785 9
25786 9
25787 19
25788 9
25789 9
25790 9
25791 25
25792 9
25793 28
25794 9
25795 28
25796 9
25797 9
25798 9
25799 9
25800 9
25801 9
25802 9
25803 9
25804 9
25805 9
25806 9
25807 9
25808 9
25809 9
25810 9
25811 9
25812 9
25813 9
25814 9
25815 9
25816 9
25817 9
25818 9
25819 9
25820 9
25821 9
25822 9
25823 9
25824 9
25825 9
25826 9
25827 9
25828 9
25829 9
25830 9
25831 9
25832 9
25833 9
25834 9
25835 28
25836 9
25837 19
25838 9
25839 14
25840 9
25841 9
25842 9
25843 9
25844 9
25845 9
25846 9
25847 9
25848 9
25849 14
25850 9
25851 9
25852 9
25853 14
25854 9
25855 9
25856 9
25857 14
25858 9
25859 14
25860 9
25861 9
25862 9
25863 9
25864 9
25865 14
25866 9
25867 14
25868 9
25869 38
25870 9
25871 11
25872 9
25873 9
25874 9
25875 9
25876 9
25877 9
25878 9
25879 9
25880 9
25881 9
25882 9
25883 19
25884 9
25885 9
25886 9
25887 9
25888 9
25889 19
25890 9
25891 11
25892 9
25893 11
25894 9
25895 28
25896 9
25897 11
25898 9
25899 14
25900 9
25901 11
25902 9
25903 11
25904 9
25905 28
25906 9
25907 9
25908 9
25909 9
25910 9
25911 9
25912 9
25913 14
25914 9
25915 9
25916 9
25917 19
25918 9
25919 9
25920 9
25921 9
25922 9
25923 9
25924 9
25925 19
25926 9
25927 9
25928 9
25929 27
25930 9
25931 9
25932 9
25933 19
25934 9
25935 9
25936 9
25937 25
25938 9
25939 9
25940 9
25941 33
25942 9
25943 38
25944 9
25945 9
25946 9
25947 25
25948 9
25949 9
25950 9
25951 9
25952 9
25953 9
25954 9
25955 9
25956 9
25957 9
25958 9
25959 74
25960 9
25961 9
25962 9
25963 9
25964 9
25965 9
25966 9
25967 9
25968 9
25969 9
25970 9
25971 27
25972 9
25973 19
25974 9
25975 9
25976 9
25977 9
25978 9
25979 9
25980 9
25981 25
25982 9
25983 9
25984 9
25985 9
25986 9
25987 9
25988 9
25989 9
25990 9
25991 19
25992 9
25993 44
25994 9
25995 9
25996 9
25997 9
25998 9
25999 9
26000 9
26001 74
26002 9
26003 9
26004 9
26005 11
26006 9
26007 25
26008 9
26009 9
26010 9
26011 9
26012 9
26013 9
26014 9
26015 9
26016 9
26017 9
26018 9
26019 9
26020 9
26021 9
26022 9
26023 9
26024 9
26025 9
26026 9
26027 9
26028 9
26029 9
26030 9
26031 9
26032 9
26033 9
26034 9
26035 9
26036 9
26037 9
26038 9
26039 9
26040 9
26041 9
26042 9
26043 9
26044 9
26045 9
26046 9
26047 9
26048 9
26049 63
26050 9
26051 9
26052 9
26053 28
26054 9
26055 9
26056 9
26057 9
26058 9
26059 28
26060 9
26061 28
26062 9
26063 28
26064 9
26065 9
26066 9
26067 28
26068 9
26069 9
26070 9
26071 28
26072 9
26073 28
26074 9
26075 25
26076 9
26077 14
26078 9
26079 9
26080 9
26081 9
26082 9
26083 9
26084 9
26085 9
26086 9
26087 9
26088 9
26089 9
26090 9
26091 9
26092 9
26093 9
26094 9
26095 14
26096 9
26097 52
26098 9
26099 28
26100 9
26101 14
26102 9
26103 38
26104 9
26105 9
26106 9
26107 14
26108 9
26109 38
26110 9
26111 28
26112 9
26113 9
26114 9
26115 38
26116 9
26117 9
26118 9
26119 14
26120 9
26121 9
26122 9
26123 9
26124 9
26125 14
26126 9
26127 14
26128 9
26129 14
26130 9
26131 14
26132 9
26133 19
26134 9
26135 14
26136 9
26137 19
26138 9
26139 14
26140 9
26141 14
26142 9
26143 14
26144 9
26145 11
26146 9
26147 9
26148 9
26149 28
26150 9
26151 14
26152 9
26153 9
26154 9
26155 44
26156 9
26157 9
26158 9
26159 44
26160 9
26161 46
26162 9
26163 46
26164 9
26165 19
26166 9
26167 46
26168 9
26169 46
26170 9
26171 11
26172 9
26173 46
26174 9
26175 46
26176 9
26177 52
26178 9
26179 9
26180 9
26181 9
26182 9
26183 19
26184 9
26185 14
26186 9
26187 9
26188 9
26189 9
26190 9
26191 25
26192 9
26193 25
26194 9
26195 25
26196 9
26197 25
26198 9
26199 27
26200 9
26201 19
26202 9
26203 25
26204 9
26205 25
26206 9
26207 25
26208 9
26209 9
26210 9
26211 28
26212 9
26213 9
26214 9
26215 9
26216 9
26217 9
26218 9
26219 9
26220 9
26221 9
26222 9
26223 9
26224 9
26225 44
26226 9
26227 9
26228 9
26229 9
26230 9
26231 19
26232 9
26233 28
26234 9
26235 9
26236 9
26237 9
26238 9
26239 44
26240 9
26241 38
26242 9
26243 28
26244 9
26245 46
26246 9
26247 9
26248 9
26249 19
26250 9
26251 52
26252 9
26253 52
26254 9
26255 52
26256 9
26257 9
26258 9
26259 9
26260 9
26261 19
26262 9
26263 9
26264 9
26265 19
26266 9
26267 19
26268 9
26269 19
26270 9
26271 19
26272 9
26273 19
26274 9
26275 44
26276 9
26277 14
26278 9
26279 14
26280 9
26281 9
26282 9
26283 9
26284 9
26285 9
26286 9
26287 19
26288 9
26289 38
26290 9
26291 9
26292 9
26293 9
26294 9
26295 19
26296 9
26297 19
26298 9
26299 19
26300 9
26301 9
26302 9
26303 25
26304 9
26305 19
26306 9
26307 9
26308 9
26309 9
26310 9
26311 14
26312 9
26313 9
26314 9
26315 9
26316 9
26317 44
26318 9
26319 9
26320 9
26321 9
26322 9
26323 14
26324 9
26325 9
26326 9
26327 9
26328 9
26329 28
26330 9
26331 9
26332 9
26333 28
26334 9
26335 9
26336 9
26337 14
26338 9
26339 9
26340 9
26341 9
26342 9
26343 63
26344 9
26345 9
26346 9
26347 9
26348 9
26349 9
26350 9
26351 54
26352 9
26353 9
26354 9
26355 9
26356 9
26357 9
26358 9
26359 9
26360 9
26361 9
26362 9
26363 44
26364 9
26365 19
26366 9
26367 9
26368 9
26369 28
26370 9
26371 19
26372 9
26373 9
26374 9
26375 19
26376 9
26377 9
26378 9
26379 9
26380 9
26381 19
26382 9
26383 52
26384 9
26385 9
26386 9
26387 9
26388 9
26389 9
26390 9
26391 9
26392 9
26393 9
26394 9
26395 25
26396 9
26397 63
26398 9
26399 14
26400 9
26401 14
26402 9
26403 19
26404 9
26405 14
26406 9
26407 14
26408 9
26409 14
26410 9
26411 19
26412 9
26413 44
26414 9
26415 14
26416 9
26417 9
26418 9
26419 14
26420 9
26421 19
26422 9
26423 19
26424 9
26425 9
26426 9
26427 9
26428 9
26429 9
26430 9
26431 28
26432 9
26433 25
26434 9
26435 28
26436 9
26437 28
26438 9
26439 19
26440 9
26441 19
26442 9
26443 19
26444 9
26445 19
26446 9
26447 19
26448 9
26449 19
26450 9
26451 9
26452 9
26453 14
26454 9
26455 14
26456 9
26457 25
26458 9
26459 25
26460 9
26461 19
26462 9
26463 44
26464 9
26465 19
26466 9
26467 44
26468 9
26469 19
26470 9
26471 19
26472 9
26473 19
26474 9
26475 19
26476 9
26477 19
26478 9
26479 19
26480 9
26481 19
26482 9
26483 19
26484 9
26485 19
26486 9
26487 19
26488 9
26489 19
26490 9
26491 9
26492 9
26493 9
26494 9
26495 9
26496 9
26497 9
26498 9
26499 19
26500 9
26501 19
26502 9
26503 14
26504 9
26505 14
26506 9
26507 14
26508 9
26509 19
26510 9
26511 25
26512 9
26513 14
26514 9
26515 14
26516 9
26517 19
26518 9
26519 19
26520 9
26521 9
26522 9
26523 9
26524 9
26525 33
26526 9
26527 9
26528 9
26529 9
26530 9
26531 25
26532 9
26533 19
26534 9
26535 19
26536 9
26537 19
26538 9
26539 19
26540 9
26541 19
26542 9
26543 25
26544 9
26545 19
26546 9
26547 38
26548 9
26549 25
26550 9
26551 19
26552 9
26553 19
26554 9
26555 9
26556 9
26557 93
26558 9
26559 9
26560 9
26561 25
26562 9
26563 9
26564 9
26565 19
26566 9
26567 9
26568 9
26569 9
26570 44
26571 44
26572 44
26573 25
26574 44
26575 44
26576 44
26577 9
26578 44
26579 44
26580 44
26581 9
26582 44
26583 44
26584 44
26585 28
26586 44
26587 9
26588 44
26589 19
26590 44
26591 19
26592 44
26593 9
26594 44
26595 9
26596 44
26597 9
26598 44
26599 9
26600 44
26601 9
26602 44
26603 14
26604 44
26605 9
26606 44
26607 28
26608 44
26609 14
26610 44
26611 14
26612 44
26613 9
26614 44
26615 14
26616 44
26617 14
26618 44
26619 19
26620 44
26621 19
26622 44
26623 9
26624 44
26625 9
26626 44
26627 44
26628 44
26629 14
26630 44
26631 9
26632 44
26633 9
26634 44
26635 9
26636 44
26637 33
26638 44
26639 38
26640 44
26641 9
26642 44
26643 9
26644 44
26645 9
26646 44
26647 19
26648 44
26649 14
26650 44
26651 14
26652 44
26653 19
26654 44
26655 44
26656 44
26657 9
26658 44
26659 9
26660 44
26661 9
26662 44
26663 9
26664 44
26665 9
26666 44
26667 9
26668 44
26669 9
26670 44
26671 9
26672 44
26673 14
26674 44
26675 9
26676 44
26677 44
26678 44
26679 25
26680 44
26681 28
26682 44
26683 33
26684 44
26685 19
26686 44
26687 19
26688 44
26689 9
26690 44
26691 9
26692 44
26693 9
26694 44
26695 9
26696 44
26697 9
26698 44
26699 9
26700 44
26701 14
26702 44
26703 9
26704 44
26705 27
26706 44
26707 28
26708 44
26709 9
26710 44
26711 9
26712 44
26713 9
26714 44
26715 9
26716 44
26717 19
26718 44
26719 19
26720 44
26721 9
26722 44
26723 9
26724 44
26725 9
26726 44
26727 19
26728 44
26729 19
26730 44
26731 9
26732 44
26733 9
26734 44
26735 27
26736 44
26737 19
26738 44
26739 28
26740 44
26741 28
26742 44
26743 19
26744 44
26745 28
26746 44
26747 28
26748 44
26749 28
26750 44
26751 28
26752 44
26753 28
26754 44
26755 28
26756 44
26757 9
26758 44
26759 9
26760 44
26761 28
26762 44
26763 9
26764 44
26765 28
26766 44
26767 9
26768 44
26769 9
26770 44
26771 28
26772 44
26773 19
26774 44
26775 28
26776 44
26777 19
26778 44
26779 28
26780 44
26781 19
26782 44
26783 25
26784 44
26785 19
26786 44
26787 25
26788 44
26789 19
26790 44
26791 25
26792 44
26793 9
26794 44
26795 28
26796 44
26797 9
26798 44
26799 25
26800 44
26801 9
26802 44
26803 38
26804 44
26805 9
26806 44
26807 28
26808 44
26809 19
26810 44
26811 28
26812 44
26813 14
26814 44
26815 14
26816 44
26817 28
26818 44
26819 19
26820 44
26821 28
26822 44
26823 28
26824 44
26825 25
26826 44
26827 9
26828 44
26829 9
26830 44
26831 25
26832 44
26833 25
26834 44
26835 9
26836 44
26837 14
26838 44
26839 28
26840 44
26841 25
26842 44
26843 25
26844 44
26845 28
26846 44
26847 28
26848 44
26849 14
26850 44
26851 25
26852 44
26853 25
26854 44
26855 19
26856 44
26857 28
26858 44
26859 44
26860 44
26861 9
26862 44
26863 9
26864 44
26865 9
26866 44
26867 25
26868 44
26869 9
26870 44
26871 9
26872 44
26873 52
26874 44
26875 9
26876 44
26877 14
26878 44
26879 14
26880 44
26881 14
26882 44
26883 14
26884 44
26885 14
26886 44
26887 14
26888 44
26889 14
26890 44
26891 14
26892 44
26893 9
26894 44
26895 9
26896 9
26897 9
26898 9
26899 9
26900 9
26901 9
26902 9
26903 9
26904 9
26905 9
26906 9
26907 9
26908 9
26909 9
26910 9
26911 9
26912 9
26913 9
26914 9
26915 9
26916 9
26917 14
26918 9
26919 14
26920 9
26921 9
26922 9
26923 9
26924 9
26925 25
26926 9
26927 9
26928 9
26929 9
26930 9
26931 9
26932 9
26933 38
26934 9
26935 25
26936 9
26937 14
26938 9
26939 9
26940 9
26941 9
26942 9
26943 44
26944 9
26945 14
26946 9
26947 28
26948 9
26949 9
26950 9
26951 9
26952 9
26953 14
26954 9
26955 38
26956 9
26957 9
26958 9
26959 19
26960 9
26961 25
26962 9
26963 9
26964 9
26965 9
26966 9
26967 25
26968 9
26969 9
26970 9
26971 9
26972 9
26973 14
26974 9
26975 9
26976 9
26977 9
26978 9
26979 9
26980 9
26981 9
26982 9
26983 28
26984 9
26985 9
26986 9
26987 9
26988 9
26989 19
26990 9
26991 9
26992 9
26993 9
26994 9
26995 9
26996 9
26997 9
26998 9
26999 9
27000 9
27001 52
27002 9
27003 9
27004 9
27005 66
27006 9
27007 9
27008 9
27009 76
27010 9
27011 9
27012 9
27013 25
27014 9
27015 9
27016 9
27017 25
27018 9
27019 9
27020 9
27021 9
27022 9
27023 9
27024 9
27025 9
27026 9
27027 9
27028 9
27029 9
27030 9
27031 25
27032 9
27033 9
27034 9
27035 9
27036 9
27037 9
27038 9
27039 9
27040 9
27041 9
27042 9
27043 44
27044 9
27045 9
27046 9
27047 9
27048 9
27049 25
27050 9
27051 9
27052 9
27053 9
27054 9
27055 19
27056 9
27057 9
27058 9
27059 9
27060 9
27061 9
27062 9
27063 28
27064 9
27065 9
27066 9
27067 9
27068 9
27069 9
27070 9
27071 27
27072 9
27073 28
27074 9
27075 9
27076 9
27077 9
27078 9
27079 9
27080 9
27081 19
27082 9
27083 14
27084 9
27085 9
27086 9
27087 44
27088 9
27089 9
27090 9
27091 19
27092 9
27093 19
27094 9
27095 19
27096 9
27097 19
27098 9
27099 9
27100 9
27101 19
27102 9
27103 19
27104 9
27105 19
27106 9
27107 9
27108 9
27109 19
27110 9
27111 52
27112 9
27113 25
27114 9
27115 19
27116 9
27117 9
27118 9
27119 25
27120 9
27121 9
27122 9
27123 25
27124 9
27125 25
27126 9
27127 25
27128 9
27129 9
27130 9
27131 25
27132 9
27133 9
27134 9
27135 9
27136 9
27137 9
27138 9
27139 9
27140 9
27141 9
27142 9
27143 9
27144 9
27145 19
27146 9
27147 9
27148 9
27149 19
27150 9
27151 19
27152 9
27153 19
27154 9
27155 25
27156 9
27157 9
27158 9
27159 9
27160 9
27161 19
27162 9
27163 19
27164 9
27165 28
27166 9
27167 9
27168 9
27169 6
27170 9
27171 6
27172 9
27173 25
27174 9
27175 19
27176 9
27177 6
27178 9
27179 6
27180 9
27181 74
27182 9
27183 28
27184 9
27185 28
27186 9
27187 9
27188 9
27189 9
27190 9
27191 28
27192 9
27193 25
27194 9
27195 28
27196 9
27197 28
27198 9
27199 9
27200 9
27201 6
27202 9
27203 9
27204 9
27205 9
27206 9
27207 6
27208 9
27209 9
27210 9
27211 6
27212 9
27213 52
27214 9
27215 6
27216 9
27217 19
27218 9
27219 28
27220 9
27221 28
27222 9
27223 28
27224 9
27225 25
27226 28
27227 28
27228 28
27229 28
27230 28
27231 28
27232 28
27233 28
27234 28
27235 6
27236 28
27237 19
27238 28
27239 6
27240 28
27241 19
27242 28
27243 6
27244 28
27245 28
27246 28
27247 9
27248 28
27249 6
27250 28
27251 19
27252 28
27253 19
27254 28
27255 19
27256 28
27257 9
27258 28
27259 19
27260 28
27261 19
27262 28
27263 19
27264 28
27265 19
27266 28
27267 19
27268 28
27269 9
27270 28
27271 6
27272 28
27273 6
27274 28
27275 33
27276 28
27277 9
27278 28
27279 6
27280 28
27281 6
27282 28
27283 9
27284 28
27285 19
27286 28
27287 19
27288 28
27289 19
27290 28
27291 9
27292 28
27293 9
27294 28
27295 25
27296 28
27297 19
27298 28
27299 19
27300 28
27301 19
27302 28
27303 9
27304 28
27305 19
27306 28
27307 9
27308 28
27309 19
27310 28
27311 6
27312 28
27313 6
27314 28
27315 6
27316 28
27317 6
27318 28
27319 6
27320 28
27321 9
27322 28
27323 19
27324 28
27325 19
27326 28
27327 19
27328 28
27329 44
27330 28
27331 44
27332 28
27333 19
27334 28
27335 19
27336 28
27337 28
27338 28
27339 28
27340 28
27341 28
27342 28
27343 28
27344 28
27345 19
27346 28
27347 25
27348 28
27349 9
27350 28
27351 6
27352 28
27353 6
27354 28
27355 28
27356 28
27357 28
27358 28
27359 28
27360 28
27361 9
27362 28
27363 19
27364 28
27365 19
27366 28
27367 25
27368 28
27369 28
27370 28
27371 28
27372 28
27373 6
27374 28
27375 19
27376 28
27377 25
27378 28
27379 19
27380 28
27381 6
27382 28
27383 6
27384 28
27385 46
27386 28
27387 44
27388 28
27389 19
27390 28
27391 19
27392 28
27393 19
27394 28
27395 28
27396 28
27397 19
27398 28
27399 19
27400 28
27401 71
27402 28
27403 25
27404 28
27405 19
27406 28
27407 19
27408 28
27409 19
27410 28
27411 6
27412 28
27413 25
27414 28
27415 19
27416 28
27417 6
27418 28
27419 117
27420 28
27421 6
27422 28
27423 19
27424 28
27425 9
27426 28
27427 19
27428 28
27429 19
27430 28
27431 19
27432 28
27433 19
27434 28
27435 19
27436 28
27437 19
27438 28
27439 19
27440 28
27441 6
27442 28
27443 19
27444 28
27445 6
27446 28
27447 19
27448 28
27449 6
27450 28
27451 38
27452 28
27453 6
27454 28
27455 6
27456 28
27457 19
27458 28
27459 33
27460 28
27461 71
27462 28
27463 33
27464 28
27465 19
27466 28
27467 33
27468 28
27469 33
27470 28
27471 9
27472 28
27473 33
27474 28
27475 55
27476 28
27477 28
27478 28
27479 6
27480 28
27481 25
27482 28
27483 28
27484 28
27485 6
27486 28
27487 19
27488 28
27489 19
27490 28
27491 6
27492 28
27493 25
27494 28
27495 9
27496 28
27497 9
27498 28
27499 9
27500 28
27501 9
27502 28
27503 19
27504 28
27505 9
27506 28
27507 9
27508 28
27509 25
27510 28
27511 9
27512 28
27513 25
27514 28
27515 6
27516 28
27517 6
27518 28
27519 6
27520 28
27521 19
27522 28
27523 19
27524 28
27525 19
27526 28
27527 9
27528 28
27529 9
27530 28
27531 9
27532 28
27533 9
27534 28
27535 19
27536 28
27537 9
27538 28
27539 19
27540 28
27541 19
27542 28
27543 14
27544 28
27545 14
27546 28
27547 9
27548 28
27549 9
27550 28
27551 9
27552 28
27553 9
27554 28
27555 9
27556 9
27557 9
27558 9
27559 19
27560 9
27561 9
27562 9
27563 9
27564 9
27565 9
27566 9
27567 14
27568 9
27569 19
27570 9
27571 38
27572 9
27573 25
27574 9
27575 33
27576 9
27577 19
27578 9
27579 6
27580 9
27581 6
27582 9
27583 6
27584 9
27585 6
27586 9
27587 14
27588 9
27589 14
27590 9
27591 9
27592 9
27593 6
27594 9
27595 9
27596 9
27597 9
27598 9
27599 9
27600 9
27601 9
27602 9
27603 9
27604 9
27605 9
27606 9
27607 9
27608 9
27609 9
27610 9
27611 19
27612 9
27613 6
27614 9
27615 6
27616 9
27617 25
27618 9
27619 27
27620 9
27621 6
27622 9
27623 63
27624 9
27625 19
27626 9
27627 6
27628 9
27629 14
27630 9
27631 19
27632 9
27633 9
27634 9
27635 19
27636 9
27637 25
27638 9
27639 9
27640 9
27641 14
27642 9
27643 9
27644 9
27645 9
27646 9
27647 19
27648 9
27649 6
27650 9
27651 9
27652 9
27653 6
27654 9
27655 9
27656 9
27657 6
27658 9
27659 6
27660 9
27661 19
27662 9
27663 6
27664 9
27665 25
27666 9
27667 19
27668 9
27669 25
27670 9
27671 19
27672 9
27673 25
27674 9
27675 19
27676 9
27677 19
27678 9
27679 33
27680 9
27681 6
27682 9
27683 19
27684 9
27685 6
27686 9
27687 19
27688 9
27689 6
27690 9
27691 6
27692 9
27693 9
27694 9
27695 6
27696 9
27697 38
27698 9
27699 14
27700 9
27701 9
27702 9
27703 9
27704 9
27705 9
27706 9
27707 9
27708 9
27709 25
27710 9
27711 9
27712 9
27713 9
27714 9
27715 6
27716 9
27717 25
27718 9
27719 6
27720 9
27721 6
27722 9
27723 25
27724 9
27725 38
27726 9
27727 6
27728 9
27729 6
27730 9
27731 6
27732 9
27733 25
27734 9
27735 19
27736 9
27737 19
27738 9
27739 19
27740 9
27741 19
27742 9
27743 19
27744 9
27745 9
27746 9
27747 9
27748 9
27749 14
27750 9
27751 6
27752 9
27753 6
27754 9
27755 6
27756 9
27757 6
27758 9
27759 14
27760 9
27761 14
27762 9
27763 9
27764 9
27765 14
27766 9
27767 14
27768 9
27769 25
27770 9
27771 25
27772 9
27773 14
27774 9
27775 33
27776 9
27777 19
27778 9
27779 19
27780 9
27781 25
27782 9
27783 9
27784 9
27785 9
27786 9
27787 9
27788 9
27789 9
27790 9
27791 9
27792 9
27793 9
27794 9
27795 9
27796 9
27797 6
27798 9
27799 6
27800 9
27801 9
27802 9
27803 9
27804 9
27805 9
27806 9
27807 9
27808 9
27809 9
27810 9
27811 9
27812 9
27813 25
27814 9
27815 9
27816 9
27817 9
27818 9
27819 14
27820 9
27821 9
27822 9
27823 14
27824 9
27825 6
27826 9
27827 6
27828 9
27829 14
27830 9
27831 38
27832 9
27833 6
27834 9
27835 6
27836 9
27837 9
27838 9
27839 9
27840 9
27841 25
27842 9
27843 25
27844 9
27845 9
27846 9
27847 9
27848 9
27849 25
27850 9
27851 9
27852 9
27853 9
27854 9
27855 6
27856 9
27857 19
27858 9
27859 6
27860 9
27861 6
27862 9
27863 14
27864 9
27865 6
27866 9
27867 14
27868 9
27869 27
27870 9
27871 9
27872 9
27873 25
27874 9
27875 9
27876 9
27877 19
27878 9
27879 9
27880 9
27881 9
27882 9
27883 9
27884 9
27885 9
27886 9
27887 9
27888 9
27889 9
27890 6
27891 6
27892 6
27893 9
27894 6
27895 6
27896 6
27897 25
27898 6
27899 6
27900 6
27901 33
27902 6
27903 6
27904 6
27905 14
27906 6
27907 9
27908 6
27909 25
27910 6
27911 19
27912 6
27913 9
27914 6
27915 19
27916 6
27917 9
27918 6
27919 9
27920 6
27921 19
27922 6
27923 6
27924 6
27925 14
27926 6
27927 19
27928 6
27929 6
27930 6
27931 19
27932 6
27933 9
27934 6
27935 6
27936 6
27937 6
27938 6
27939 14
27940 6
27941 19
27942 6
27943 14
27944 6
27945 14
27946 6
27947 14
27948 6
27949 25
27950 6
27951 14
27952 6
27953 14
27954 6
27955 14
27956 6
27957 14
27958 6
27959 6
27960 6
27961 6
27962 6
27963 6
27964 6
27965 19
27966 6
27967 14
27968 6
27969 14
27970 6
27971 14
27972 6
27973 6
27974 6
27975 14
27976 6
27977 14
27978 6
27979 14
27980 6
27981 14
27982 6
27983 14
27984 6
27985 14
27986 6
27987 33
27988 6
27989 14
27990 6
27991 25
27992 6
27993 25
27994 6
27995 25
27996 6
27997 14
27998 6
27999 14
28000 6
28001 14
28002 6
28003 14
28004 6
28005 14
28006 6
28007 25
28008 6
28009 14
28010 6
28011 14
28012 6
28013 14
28014 6
28015 14
28016 6
28017 14
28018 6
28019 25
28020 6
28021 14
28022 6
28023 14
28024 6
28025 6
28026 6
28027 6
28028 6
28029 6
28030 6
28031 14
28032 6
28033 14
28034 6
28035 19
28036 6
28037 6
28038 6
28039 6
28040 6
28041 6
28042 6
28043 19
28044 6
28045 63
28046 6
28047 14
28048 6
28049 14
28050 6
28051 14
28052 6
28053 63
28054 6
28055 33
28056 6
28057 14
28058 6
28059 14
28060 6
28061 14
28062 6
28063 25
28064 6
28065 6
28066 6
28067 25
28068 6
28069 33
28070 6
28071 6
28072 6
28073 6
28074 6
28075 14
28076 6
28077 14
28078 6
28079 14
28080 6
28081 14
28082 6
28083 14
28084 6
28085 25
28086 6
28087 25
28088 6
28089 14
28090 6
28091 14
28092 6
28093 14
28094 6
28095 25
28096 6
28097 6
28098 6
28099 6
28100 6
28101 14
28102 6
28103 6
28104 6
28105 25
28106 6
28107 6
28108 6
28109 19
28110 6
28111 6
28112 6
28113 9
28114 6
28115 14
28116 6
28117 25
28118 6
28119 14
28120 6
28121 25
28122 6
28123 14
28124 6
28125 14
28126 6
28127 25
28128 6
28129 6
28130 6
28131 19
28132 6
28133 6
28134 6
28135 14
28136 6
28137 6
28138 6
28139 6
28140 6
28141 14
28142 6
28143 6
28144 6
28145 19
28146 6
28147 19
28148 6
28149 25
28150 6
28151 19
28152 6
28153 9
28154 6
28155 25
28156 6
28157 25
28158 6
28159 9
28160 6
28161 25
28162 6
28163 25
28164 6
28165 33
28166 6
28167 46
28168 6
28169 6
28170 6
28171 6
28172 6
28173 14
28174 6
28175 25
28176 6
28177 6
28178 6
28179 6
28180 6
28181 19
28182 6
28183 14
28184 6
28185 9
28186 6
28187 9
28188 6
28189 19
28190 6
28191 19
28192 6
28193 19
28194 6
28195 38
28196 6
28197 33
28198 6
28199 25
28200 6
28201 25
28202 6
28203 6
28204 6
28205 6
28206 6
28207 6
28208 6
28209 6
28210 6
28211 6
28212 6
28213 6
28214 6
28215 25
28216 6
28217 25
28218 6
28219 25
28220 6
28221 25
28222 6
28223 25
28224 9
28225 25
28226 9
28227 25
28228 9
28229 25
28230 9
28231 25
28232 9
28233 6
28234 9
28235 6
28236 9
28237 6
28238 9
28239 6
28240 9
28241 6
28242 9
28243 6
28244 9
28245 6
28246 9
28247 19
28248 9
28249 19
28250 9
28251 19
28252 9
28253 14
28254 9
28255 19
28256 9
28257 19
28258 9
28259 19
28260 9
28261 19
28262 9
28263 19
28264 9
28265 19
28266 9
28267 6
28268 9
28269 6
28270 9
28271 6
28272 9
28273 19
28274 9
28275 19
28276 9
28277 6
28278 9
28279 6
28280 9
28281 19
28282 9
28283 25
28284 9
28285 25
28286 9
28287 25
28288 9
28289 14
28290 9
28291 25
28292 9
28293 25
28294 9
28295 19
28296 9
28297 19
28298 9
28299 25
28300 9
28301 46
28302 9
28303 19
28304 9
28305 6
28306 9
28307 19
28308 9
28309 6
28310 9
28311 6
28312 9
28313 19
28314 9
28315 6
28316 9
28317 25
28318 9
28319 74
28320 9
28321 74
28322 9
28323 25
28324 9
28325 74
28326 9
28327 25
28328 9
28329 74
28330 9
28331 19
28332 9
28333 74
28334 9
28335 14
28336 9
28337 6
28338 9
28339 71
28340 9
28341 6
28342 9
28343 19
28344 9
28345 6
28346 9
28347 19
28348 9
28349 6
28350 9
28351 19
28352 9
28353 28
28354 9
28355 19
28356 9
28357 19
28358 9
28359 19
28360 9
28361 14
28362 9
28363 14
28364 9
28365 19
28366 9
28367 63
28368 9
28369 19
28370 9
28371 6
28372 9
28373 25
28374 9
28375 6
28376 9
28377 6
28378 9
28379 25
28380 9
28381 6
28382 9
28383 6
28384 9
28385 19
28386 9
28387 19
28388 9
28389 25
28390 9
28391 25
28392 9
28393 19
28394 9
28395 14
28396 9
28397 25
28398 9
28399 25
28400 9
28401 25
28402 9
28403 25
28404 9
28405 25
28406 9
28407 6
28408 9
28409 6
28410 9
28411 25
28412 9
28413 19
28414 9
28415 79
28416 9
28417 14
28418 9
28419 6
28420 9
28421 6
28422 9
28423 9
28424 9
28425 9
28426 9
28427 33
28428 9
28429 25
28430 9
28431 9
28432 9
28433 19
28434 9
28435 19
28436 9
28437 25
28438 9
28439 25
28440 9
28441 6
28442 9
28443 6
28444 9
28445 6
28446 9
28447 6
28448 9
28449 6
28450 9
28451 6
28452 9
28453 6
28454 9
28455 6
28456 9
28457 14
28458 9
28459 19
28460 9
28461 9
28462 9
28463 9
28464 9
28465 27
28466 9
28467 14
28468 9
28469 19
28470 9
28471 14
28472 9
28473 9
28474 9
28475 6
28476 9
28477 6
28478 9
28479 6
28480 9
28481 14
28482 9
28483 52
28484 9
28485 46
28486 9
28487 6
28488 9
28489 6
28490 9
28491 6
28492 9
28493 14
28494 9
28495 9
28496 9
28497 46
28498 9
28499 46
28500 9
28501 46
28502 9
28503 14
28504 9
28505 25
28506 9
28507 46
28508 9
28509 66
28510 9
28511 14
28512 9
28513 6
28514 9
28515 6
28516 9
28517 46
28518 9
28519 25
28520 9
28521 6
28522 9
28523 9
28524 9
28525 9
28526 9
28527 36
28528 9
28529 14
28530 9
28531 9
28532 9
28533 36
28534 9
28535 9
28536 9
28537 36
28538 9
28539 9
28540 9
28541 46
28542 9
28543 36
28544 9
28545 19
28546 9
28547 6
28548 9
28549 14
28550 9
28551 6
28552 9
28553 14
28554 9
28555 6
28556 9
28557 19
28558 9
28559 6
28560 9
28561 19
28562 9
28563 9
28564 9
28565 19
28566 9
28567 9
28568 9
28569 9
28570 9
28571 9
28572 9
28573 14
28574 9
28575 9
28576 9
28577 33
28578 9
28579 6
28580 9
28581 33
28582 9
28583 14
28584 9
28585 6
28586 9
28587 14
28588 9
28589 6
28590 9
28591 19
28592 9
28593 19
28594 9
28595 6
28596 9
28597 33
28598 9
28599 33
28600 9
28601 33
28602 9
28603 33
28604 9
28605 33
28606 9
28607 33
28608 9
28609 33
28610 9
28611 33
28612 9
28613 33
28614 9
28615 6
28616 9
28617 14
28618 9
28619 14
28620 9
28621 6
28622 9
28623 6
28624 9
28625 6
28626 9
28627 14
28628 9
28629 14
28630 9
28631 25
28632 9
28633 25
28634 9
28635 25
28636 9
28637 33
28638 9
28639 33
28640 9
28641 19
28642 9
28643 25
28644 9
28645 25
28646 9
28647 25
28648 9
28649 6
28650 9
28651 14
28652 9
28653 14
28654 9
28655 19
28656 9
28657 14
28658 9
28659 14
28660 9
28661 14
28662 9
28663 14
28664 9
28665 6
28666 9
28667 33
28668 9
28669 33
28670 9
28671 33
28672 9
28673 33
28674 9
28675 33
28676 9
28677 33
28678 9
28679 33
28680 9
28681 33
28682 9
28683 33
28684 9
28685 19
28686 9
28687 14
28688 9
28689 19
28690 9
28691 14
28692 9
28693 19
28694 9
28695 19
28696 9
28697 6
28698 9
28699 6
28700 9
28701 14
28702 9
28703 14
28704 9
28705 14
28706 9
28707 33
28708 9
28709 14
28710 9
28711 19
28712 9
28713 14
28714 9
28715 14
28716 9
28717 14
28718 9
28719 163
28720 9
28721 19
28722 9
28723 6
28724 9
28725 6
28726 9
28727 9
28728 9
28729 33
28730 9
28731 6
28732 9
28733 6
28734 9
28735 9
28736 9
28737 38
28738 9
28739 33
28740 9
28741 33
28742 9
28743 9
28744 9
28745 33
28746 9
28747 33
28748 9
28749 9
28750 9
28751 33
28752 9
28753 6
28754 9
28755 19
28756 9
28757 6
28758 9
28759 6
28760 9
28761 33
28762 9
28763 6
28764 9
28765 33
28766 9
28767 6
28768 9
28769 6
28770 9
28771 9
28772 9
28773 25
28774 9
28775 9
28776 9
28777 25
28778 9
28779 9
28780 9
28781 25
28782 9
28783 9
28784 9
28785 25
28786 9
28787 27
28788 9
28789 9
28790 9
28791 33
28792 9
28793 9
28794 9
28795 27
28796 9
28797 9
28798 9
28799 9
28800 9
28801 9
28802 9
28803 9
28804 9
28805 9
28806 9
28807 9
28808 9
28809 9
28810 9
28811 9
28812 9
28813 9
28814 9
28815 9
28816 9
28817 9
28818 9
28819 9
28820 9
28821 9
28822 9
28823 9
28824 9
28825 14
28826 9
28827 9
28828 9
28829 9
28830 9
28831 25
28832 9
28833 9
28834 9
28835 9
28836 9
28837 9
28838 9
28839 9
28840 9
28841 33
28842 9
28843 33
28844 9
28845 14
28846 9
28847 9
28848 9
28849 33
28850 9
28851 33
28852 9
28853 55
28854 9
28855 14
28856 9
28857 46
28858 9
28859 9
28860 9
28861 9
28862 9
28863 9
28864 9
28865 9
28866 9
28867 9
28868 9
28869 9
28870 9
28871 9
28872 9
28873 9
28874 9
28875 9
28876 9
28877 9
28878 9
28879 9
28880 9
28881 9
28882 9
28883 19
28884 9
28885 33
28886 9
28887 14
28888 9
28889 117
28890 9
28891 14
28892 9
28893 14
28894 9
28895 25
28896 9
28897 14
28898 9
28899 14
28900 6
28901 14
28902 6
28903 14
28904 6
28905 14
28906 6
28907 14
28908 6
28909 25
28910 6
28911 63
28912 6
28913 33
28914 6
28915 9
28916 6
28917 14
28918 6
28919 19
28920 6
28921 25
28922 6
28923 14
28924 6
28925 14
28926 6
28927 9
28928 6
28929 9
28930 6
28931 14
28932 6
28933 14
28934 6
28935 9
28936 6
28937 9
28938 6
28939 9
28940 6
28941 9
28942 6
28943 14
28944 6
28945 14
28946 6
28947 9
28948 6
28949 14
28950 6
28951 14
28952 6
28953 14
28954 6
28955 33
28956 6
28957 14
28958 6
28959 14
28960 6
28961 14
28962 6
28963 14
28964 6
28965 9
28966 6
28967 9
28968 6
28969 19
28970 6
28971 9
28972 6
28973 9
28974 6
28975 14
28976 6
28977 9
28978 6
28979 14
28980 6
28981 52
28982 6
28983 14
28984 6
28985 14
28986 6
28987 14
28988 6
28989 14
28990 6
28991 25
28992 6
28993 14
28994 6
28995 14
28996 6
28997 14
28998 6
28999 9
29000 6
29001 52
29002 6
29003 9
29004 6
29005 14
29006 6
29007 9
29008 6
29009 25
29010 6
29011 9
29012 6
29013 25
29014 6
29015 25
29016 6
29017 35
29018 6
29019 25
29020 6
29021 19
29022 6
29023 25
29024 6
29025 14
29026 6
29027 25
29028 6
29029 14
29030 6
29031 9
29032 6
29033 25
29034 6
29035 14
29036 6
29037 9
29038 6
29039 14
29040 6
29041 9
29042 6
29043 9
29044 6
29045 14
29046 6
29047 9
29048 6
29049 19
29050 6
29051 25
29052 6
29053 19
29054 6
29055 9
29056 6
29057 8
29058 6
29059 19
29060 6
29061 19
29062 6
29063 19
29064 6
29065 9
29066 6
29067 9
29068 6
29069 9
29070 6
29071 25
29072 6
29073 9
29074 6
29075 9
29076 6
29077 9
29078 6
29079 9
29080 6
29081 19
29082 6
29083 8
29084 6
29085 8
29086 6
29087 8
29088 6
29089 52
29090 6
29091 38
29092 6
29093 19
29094 6
29095 8
29096 6
29097 8
29098 6
29099 8
29100 6
29101 9
29102 6
29103 74
29104 6
29105 19
29106 6
29107 19
29108 6
29109 38
29110 6
29111 19
29112 6
29113 9
29114 6
29115 9
29116 6
29117 9
29118 6
29119 8
29120 6
29121 8
29122 6
29123 8
29124 6
29125 8
29126 6
29127 8
29128 6
29129 8
29130 6
29131 8
29132 6
29133 8
29134 6
29135 9
29136 6
29137 9
29138 6
29139 9
29140 6
29141 9
29142 6
29143 19
29144 6
29145 25
29146 6
29147 33
29148 6
29149 9
29150 6
29151 9
29152 6
29153 8
29154 6
29155 36
29156 6
29157 36
29158 6
29159 36
29160 6
29161 9
29162 6
29163 19
29164 6
29165 25
29166 6
29167 36
29168 6
29169 36
29170 6
29171 9
29172 6
29173 52
29174 6
29175 19
29176 6
29177 9
29178 6
29179 9
29180 6
29181 9
29182 6
29183 25
29184 6
29185 8
29186 6
29187 9
29188 6
29189 9
29190 6
29191 52
29192 6
29193 9
29194 6
29195 9
29196 6
29197 9
29198 6
29199 25
29200 6
29201 9
29202 6
29203 33
29204 6
29205 19
29206 6
29207 9
29208 6
29209 8
29210 6
29211 25
29212 6
29213 9
29214 6
29215 19
29216 6
29217 9
29218 6
29219 52
29220 6
29221 14
29222 6
29223 9
29224 6
29225 14
29226 6
29227 9
29228 6
29229 14
29230 6
29231 9
29232 6
29233 36
29234 6
29235 9
29236 6
29237 25
29238 6
29239 9
29240 6
29241 19
29242 9
29243 9
29244 9
29245 19
29246 9
29247 9
29248 9
29249 19
29250 9
29251 9
29252 9
29253 19
29254 9
29255 9
29256 9
29257 9
29258 9
29259 9
29260 9
29261 19
29262 9
29263 19
29264 9
29265 9
29266 9
29267 25
29268 9
29269 9
29270 9
29271 19
29272 9
29273 14
29274 9
29275 9
29276 9
29277 19
29278 9
29279 52
29280 9
29281 9
29282 9
29283 9
29284 9
29285 19
29286 9
29287 9
29288 9
29289 9
29290 9
29291 9
29292 9
29293 19
29294 9
29295 19
29296 9
29297 33
29298 9
29299 19
29300 9
29301 19
29302 9
29303 19
29304 9
29305 9
29306 9
29307 19
29308 9
29309 35
29310 9
29311 9
29312 9
29313 9
29314 9
29315 9
29316 9
29317 9
29318 9
29319 9
29320 9
29321 35
29322 9
29323 9
29324 9
29325 9
29326 9
29327 9
29328 9
29329 19
29330 9
29331 19
29332 9
29333 19
29334 9
29335 46
29336 9
29337 9
29338 9
29339 25
29340 9
29341 9
29342 9
29343 9
29344 9
29345 9
29346 9
29347 9
29348 9
29349 9
29350 9
29351 9
29352 9
29353 9
29354 9
29355 9
29356 9
29357 9
29358 9
29359 9
29360 9
29361 9
29362 9
29363 35
29364 9
29365 35
29366 9
29367 35
29368 9
29369 35
29370 9
29371 33
29372 9
29373 19
29374 9
29375 33
29376 9
29377 19
29378 9
29379 8
29380 9
29381 19
29382 9
29383 9
29384 9
29385 9
29386 9
29387 9
29388 9
29389 9
29390 9
29391 19
29392 9
29393 33
29394 9
29395 33
29396 9
29397 25
29398 9
29399 25
29400 9
29401 9
29402 9
29403 25
29404 9
29405 14
29406 9
29407 25
29408 9
29409 25
29410 9
29411 8
29412 9
29413 33
29414 9
29415 9
29416 9
29417 9
29418 9
29419 8
29420 9
29421 25
29422 9
29423 9
29424 9
29425 33
29426 9
29427 25
29428 9
29429 9
29430 9
29431 52
29432 9
29433 9
29434 9
29435 66
29436 9
29437 9
29438 9
29439 33
29440 9
29441 66
29442 9
29443 8
29444 9
29445 66
29446 9
29447 66
29448 9
29449 9
29450 9
29451 9
29452 9
29453 33
29454 9
29455 9
29456 9
29457 9
29458 9
29459 9
29460 9
29461 33
29462 9
29463 8
29464 9
29465 9
29466 9
29467 8
29468 9
29469 33
29470 9
29471 33
29472 9
29473 33
29474 9
29475 8
29476 9
29477 33
29478 9
29479 33
29480 9
29481 46
29482 9
29483 33
29484 9
29485 25
29486 9
29487 9
29488 9
29489 52
29490 9
29491 9
29492 9
29493 9
29494 9
29495 9
29496 9
29497 9
29498 9
29499 14
29500 9
29501 33
29502 9
29503 8
29504 9
29505 33
29506 9
29507 8
29508 9
29509 8
29510 9
29511 25
29512 9
29513 8
29514 9
29515 8
29516 9
29517 9
29518 9
29519 25
29520 9
29521 9
29522 9
29523 9
29524 9
29525 25
29526 9
29527 38
29528 9
29529 9
29530 9
29531 9
29532 9
29533 14
29534 9
29535 54
29536 9
29537 19
29538 9
29539 19
29540 9
29541 19
29542 9
29543 19
29544 9
29545 25
29546 9
29547 19
29548 9
29549 19
29550 9
29551 19
29552 9
29553 19
29554 9
29555 19
29556 9
29557 19
29558 9
29559 19
29560 9
29561 19
29562 9
29563 9
29564 9
29565 9
29566 9
29567 9
29568 9
29569 9
29570 9
29571 19
29572 9
29573 19
29574 9
29575 19
29576 9
29577 19
29578 9
29579 19
29580 9
29581 19
29582 9
29583 19
29584 6
29585 19
29586 6
29587 19
29588 6
29589 9
29590 6
29591 9
29592 6
29593 9
29594 6
29595 9
29596 6
29597 9
29598 6
29599 9
29600 6
29601 9
29602 6
29603 9
29604 6
29605 9
29606 6
29607 19
29608 6
29609 19
29610 6
29611 19
29612 6
29613 25
29614 6
29615 54
29616 6
29617 54
29618 6
29619 54
29620 6
29621 54
29622 6
29623 66
29624 6
29625 9
29626 6
29627 9
29628 6
29629 9
29630 6
29631 9
29632 6
29633 19
29634 6
29635 19
29636 6
29637 9
29638 6
29639 9
29640 6
29641 25
29642 6
29643 25
29644 6
29645 19
29646 6
29647 19
29648 6
29649 25
29650 6
29651 14
29652 6
29653 19
29654 6
29655 19
29656 6
29657 52
29658 6
29659 9
29660 6
29661 9
29662 6
29663 19
29664 6
29665 9
29666 6
29667 14
29668 6
29669 38
29670 6
29671 9
29672 6
29673 19
29674 6
29675 9
29676 6
29677 19
29678 6
29679 33
29680 6
29681 19
29682 6
29683 19
29684 6
29685 19
29686 6
29687 19
29688 6
29689 19
29690 6
29691 19
29692 6
29693 25
29694 6
29695 9
29696 6
29697 14
29698 6
29699 9
29700 6
29701 35
29702 6
29703 9
29704 6
29705 25
29706 6
29707 9
29708 6
29709 9
29710 6
29711 8
29712 6
29713 14
29714 6
29715 14
29716 6
29717 14
29718 6
29719 54
29720 6
29721 14
29722 6
29723 14
29724 6
29725 44
29726 6
29727 14
29728 6
29729 25
29730 6
29731 44
29732 6
29733 9
29734 6
29735 8
29736 6
29737 9
29738 6
29739 9
29740 6
29741 33
29742 6
29743 8
29744 6
29745 9
29746 6
29747 35
29748 6
29749 14
29750 6
29751 44
29752 6
29753 44
29754 6
29755 25
29756 6
29757 44
29758 6
29759 44
29760 6
29761 44
29762 6
29763 52
29764 6
29765 8
29766 6
29767 9
29768 6
29769 9
29770 6
29771 9
29772 6
29773 33
29774 6
29775 25
29776 6
29777 19
29778 6
29779 9
29780 6
29781 8
29782 6
29783 8
29784 6
29785 8
29786 6
29787 35
29788 6
29789 8
29790 6
29791 8
29792 6
29793 44
29794 6
29795 8
29796 6
29797 8
29798 6
29799 9
29800 6
29801 9
29802 6
29803 9
29804 6
29805 9
29806 6
29807 9
29808 6
29809 9
29810 6
29811 9
29812 6
29813 9
29814 6
29815 9
29816 6
29817 25
29818 6
29819 25
29820 6
29821 25
29822 6
29823 25
29824 6
29825 25
29826 6
29827 25
29828 6
29829 25
29830 6
29831 25
29832 6
29833 25
29834 6
29835 25
29836 6
29837 33
29838 6
29839 8
29840 6
29841 14
29842 6
29843 9
29844 6
29845 9
29846 6
29847 9
29848 6
29849 9
29850 6
29851 27
29852 6
29853 19
29854 6
29855 14
29856 6
29857 8
29858 6
29859 8
29860 6
29861 27
29862 6
29863 33
29864 6
29865 33
29866 6
29867 8
29868 6
29869 9
29870 6
29871 33
29872 6
29873 25
29874 6
29875 9
29876 6
29877 9
29878 6
29879 27
29880 6
29881 25
29882 6
29883 9
29884 6
29885 25
29886 6
29887 27
29888 6
29889 25
29890 6
29891 25
29892 6
29893 33
29894 6
29895 25
29896 6
29897 66
29898 6
29899 19
29900 6
29901 25
29902 6
29903 25
29904 6
29905 9
29906 6
29907 25
29908 6
29909 25
29910 6
29911 9
29912 6
29913 33
29914 6
29915 9
29916 6
29917 33
29918 6
29919 9
29920 6
29921 35
29922 6
29923 33
29924 6
29925 90
29926 6
29927 33
29928 6
29929 14
29930 33
29931 33
29932 33
29933 25
29934 33
29935 33
29936 33
29937 33
29938 33
29939 9
29940 33
29941 33
29942 33
29943 9
29944 33
29945 33
29946 33
29947 9
29948 33
29949 14
29950 33
29951 44
29952 33
29953 9
29954 33
29955 25
29956 33
29957 25
29958 33
29959 65
29960 33
29961 33
29962 33
29963 25
29964 33
29965 33
29966 33
29967 33
29968 33
29969 25
29970 33
29971 14
29972 33
29973 14
29974 33
29975 9
29976 33
29977 25
29978 33
29979 19
29980 33
29981 9
29982 33
29983 9
29984 33
29985 25
29986 33
29987 33
29988 33
29989 9
29990 33
29991 9
29992 33
29993 33
29994 33
29995 19
29996 33
29997 25
29998 33
29999 33
30000 33

